Student_ID,Age,Gender,City,Course_Category,Enrollment_Type,Study_Hours_Per_Week,Live_Sessions_Attended,Assignments_Completed_Percent,Mock_Test_Score,Projects_Completed,Internship_Completed,LinkedIn_Profile,Resume_Score,Final_Score,Completion_Status,Placement_Status,Placement_Package_LPA,Satisfaction_Rating
1,24,Female,Hyderabad,Data Science,Paid,7,7,46,48,0,No,Yes,33,46,Not Completed,Placed,14.75,4
2,32,Female,Chennai,Cyber Security,Free,11,5,32,29,4,Yes,Yes,65,31,Not Completed,Not Placed,0.0,1
3,28,Female,Mumbai,Data Science,Free,19,2,73,60,0,Yes,Yes,39,59,Completed,Placed,14.24,3
4,25,Male,Bangalore,Cyber Security,Paid,16,1,67,53,3,No,Yes,87,70,Completed,Placed,3.01,4
5,24,Female,Delhi,AI,Free,9,11,45,35,4,Yes,Yes,80,66,Not Completed,Placed,13.73,3
6,28,Male,Pune,AI,Free,27,6,94,86,3,No,Yes,80,100,Completed,Placed,6.73,5
7,28,Female,Pune,Cloud Computing,Free,10,11,39,51,3,No,Yes,55,44,Not Completed,Placed,6.74,1
8,21,Female,Mumbai,Web Development,Paid,6,11,62,35,1,No,Yes,52,64,Not Completed,Not Placed,0.0,3
9,25,Male,Pune,Cloud Computing,Paid,11,11,49,80,4,Yes,Yes,70,55,Not Completed,Not Placed,0.0,3
10,20,Female,Chennai,Cyber Security,Free,21,10,100,71,0,Yes,No,44,72,Completed,Placed,5.56,4
11,19,Male,Pune,Cloud Computing,Free,7,0,29,27,0,No,Yes,42,35,Not Completed,Not Placed,0.0,1
12,29,Male,Bangalore,Data Science,Free,17,2,77,51,4,No,Yes,80,71,Completed,Placed,13.79,2
13,23,Female,Bangalore,Cyber Security,Paid,25,11,97,92,5,No,Yes,100,96,Completed,Placed,4.23,3
14,19,Male,Delhi,AI,Paid,28,10,94,100,1,Yes,Yes,69,94,Completed,Placed,4.71,5
15,18,Male,Hyderabad,Web Development,Paid,4,3,27,22,1,Yes,No,13,28,Not Completed,Placed,13.34,1
16,29,Female,Chennai,Cyber Security,Paid,11,12,52,62,1,Yes,Yes,35,65,Completed,Placed,7.79,4
17,29,Male,Delhi,Cyber Security,Paid,12,13,47,71,0,No,Yes,17,61,Not Completed,Placed,5.03,3
18,34,Male,Chennai,Data Science,Paid,12,0,53,35,3,Yes,Yes,52,47,Completed,Placed,9.13,1
19,27,Male,Hyderabad,Web Development,Paid,18,4,50,60,5,Yes,Yes,63,68,Not Completed,Placed,8.0,2
20,33,Female,Pune,AI,Free,5,9,42,53,1,Yes,Yes,47,69,Not Completed,Placed,5.63,4
21,32,Male,Pune,Cyber Security,Free,5,2,47,26,0,Yes,Yes,35,36,Not Completed,Placed,11.65,2
22,32,Female,Hyderabad,Cyber Security,Free,18,1,78,54,0,No,Yes,58,80,Completed,Placed,10.58,4
23,29,Female,Delhi,Data Science,Free,10,14,72,63,3,No,No,72,66,Completed,Placed,4.2,3
24,20,Male,Hyderabad,Cloud Computing,Paid,20,2,86,62,4,Yes,Yes,83,88,Completed,Placed,14.1,4
25,22,Male,Mumbai,AI,Paid,6,7,49,48,4,Yes,Yes,91,57,Not Completed,Placed,9.7,3
26,24,Male,Bangalore,Web Development,Free,23,15,100,100,1,Yes,No,70,100,Completed,Placed,6.0,5
27,26,Female,Delhi,Cyber Security,Paid,25,5,67,99,1,Yes,No,53,81,Completed,Not Placed,0.0,2
28,24,Male,Chennai,Cyber Security,Paid,7,12,45,31,5,Yes,Yes,69,35,Not Completed,Not Placed,0.0,1
29,21,Male,Mumbai,AI,Free,4,13,18,52,3,No,Yes,39,59,Not Completed,Not Placed,0.0,4
30,31,Male,Delhi,Cloud Computing,Free,23,6,77,64,1,Yes,No,66,64,Completed,Not Placed,0.0,3
31,26,Male,Hyderabad,Cyber Security,Paid,2,11,15,42,3,Yes,Yes,57,32,Not Completed,Not Placed,0.0,2
32,19,Male,Hyderabad,AI,Paid,21,5,79,80,0,No,Yes,67,73,Completed,Placed,4.79,3
33,32,Female,Hyderabad,Data Science,Free,23,5,95,87,1,No,No,70,100,Completed,Placed,10.88,3
34,24,Female,Hyderabad,Cloud Computing,Free,17,15,75,96,0,No,Yes,46,70,Completed,Placed,12.42,5
35,29,Male,Chennai,Web Development,Paid,24,11,91,100,2,No,Yes,77,94,Completed,Placed,9.59,5
36,25,Male,Mumbai,Cyber Security,Free,12,15,63,72,3,No,Yes,68,62,Completed,Not Placed,0.0,3
37,32,Male,Pune,AI,Paid,14,2,69,65,2,No,Yes,72,63,Completed,Placed,14.26,2
38,20,Male,Bangalore,Data Science,Paid,28,11,100,100,1,Yes,No,81,83,Completed,Placed,10.66,4
39,31,Female,Chennai,Web Development,Free,11,12,35,67,0,No,Yes,32,56,Not Completed,Not Placed,0.0,3
40,34,Male,Chennai,AI,Paid,4,13,24,65,1,Yes,No,55,52,Not Completed,Placed,8.39,2
41,21,Female,Pune,AI,Paid,10,7,50,54,2,No,Yes,67,50,Not Completed,Placed,13.33,2
42,25,Female,Pune,Web Development,Free,29,11,100,100,1,No,Yes,68,100,Completed,Placed,4.57,5
43,21,Male,Bangalore,Data Science,Paid,13,6,45,56,5,No,Yes,84,70,Not Completed,Placed,6.91,4
44,19,Female,Bangalore,Data Science,Paid,24,6,91,73,4,No,No,91,87,Completed,Not Placed,0.0,3
45,23,Female,Pune,Cloud Computing,Paid,15,5,49,48,2,No,No,55,64,Not Completed,Not Placed,0.0,3
46,27,Female,Hyderabad,Cyber Security,Free,2,4,36,30,1,No,Yes,61,42,Not Completed,Not Placed,0.0,2
47,21,Female,Chennai,Web Development,Paid,19,9,79,76,0,No,Yes,56,77,Completed,Not Placed,0.0,4
48,29,Male,Delhi,Web Development,Paid,18,7,60,60,1,No,Yes,43,57,Completed,Not Placed,0.0,3
49,19,Male,Bangalore,Web Development,Free,28,4,90,81,0,No,No,45,66,Completed,Not Placed,0.0,5
50,27,Female,Bangalore,Data Science,Free,10,8,53,50,4,No,Yes,63,60,Completed,Not Placed,0.0,3
51,21,Male,Pune,Cyber Security,Free,10,8,63,45,1,No,Yes,58,59,Completed,Not Placed,0.0,3
52,31,Male,Mumbai,Cloud Computing,Paid,24,0,81,78,4,No,Yes,80,81,Completed,Placed,8.94,5
53,33,Male,Delhi,AI,Free,11,5,60,64,2,Yes,Yes,63,69,Completed,Placed,12.83,4
54,32,Male,Delhi,AI,Free,20,6,74,82,0,No,Yes,58,87,Completed,Not Placed,0.0,3
55,25,Male,Bangalore,Web Development,Paid,30,2,100,83,5,No,Yes,100,91,Completed,Placed,14.25,4
56,31,Female,Hyderabad,Cyber Security,Free,16,15,74,81,2,No,No,62,69,Completed,Placed,4.7,4
57,25,Male,Mumbai,Data Science,Free,6,6,39,33,0,No,Yes,21,37,Not Completed,Not Placed,0.0,2
58,33,Male,Delhi,Cyber Security,Free,16,10,49,76,4,No,Yes,89,71,Not Completed,Placed,6.39,5
59,30,Male,Bangalore,Cyber Security,Free,21,10,89,83,3,Yes,Yes,65,90,Completed,Not Placed,0.0,5
60,32,Male,Delhi,Data Science,Free,24,6,97,100,1,Yes,Yes,51,90,Completed,Placed,8.86,5
61,30,Female,Mumbai,Web Development,Paid,26,15,100,100,4,Yes,No,100,90,Completed,Placed,3.32,3
62,26,Female,Mumbai,Cyber Security,Free,29,13,100,100,0,Yes,Yes,70,100,Completed,Placed,11.5,5
63,32,Female,Chennai,AI,Free,3,12,20,49,0,No,Yes,32,47,Not Completed,Not Placed,0.0,2
64,30,Female,Pune,Data Science,Paid,14,10,72,78,0,No,Yes,48,73,Completed,Not Placed,0.0,3
65,18,Male,Pune,Cloud Computing,Paid,25,1,100,62,0,No,Yes,57,83,Completed,Not Placed,0.0,5
66,24,Female,Bangalore,Web Development,Paid,17,6,60,77,1,No,Yes,45,76,Completed,Not Placed,0.0,5
67,26,Male,Mumbai,Data Science,Paid,16,14,81,69,2,Yes,Yes,65,71,Completed,Placed,5.88,3
68,18,Male,Chennai,Cloud Computing,Free,26,0,99,66,5,Yes,Yes,99,78,Completed,Placed,6.16,2
69,29,Male,Chennai,Cloud Computing,Paid,11,4,54,31,3,No,No,51,48,Completed,Placed,7.06,2
70,25,Male,Delhi,Cyber Security,Paid,15,8,63,72,1,Yes,Yes,44,70,Completed,Not Placed,0.0,5
71,28,Male,Delhi,Cyber Security,Free,11,6,52,56,0,Yes,Yes,19,50,Completed,Not Placed,0.0,3
72,34,Female,Chennai,Cyber Security,Paid,26,6,100,78,1,No,No,68,76,Completed,Placed,5.49,2
73,25,Female,Delhi,Data Science,Free,15,10,75,60,4,Yes,Yes,82,74,Completed,Placed,14.11,4
74,20,Female,Mumbai,Data Science,Paid,27,12,100,100,5,No,Yes,100,83,Completed,Placed,5.59,4
75,20,Female,Hyderabad,Web Development,Free,24,11,93,88,0,Yes,Yes,60,82,Completed,Placed,6.07,3
76,18,Male,Mumbai,Cyber Security,Paid,10,1,58,34,3,Yes,Yes,61,60,Completed,Placed,6.56,2
77,22,Female,Chennai,Cloud Computing,Paid,26,7,89,100,0,Yes,Yes,53,94,Completed,Placed,12.22,5
78,27,Male,Chennai,AI,Paid,15,2,70,47,5,Yes,Yes,92,38,Completed,Placed,8.13,2
79,24,Female,Mumbai,Web Development,Free,4,14,30,67,3,No,No,58,55,Not Completed,Not Placed,0.0,1
80,26,Male,Delhi,Data Science,Paid,21,7,62,64,5,No,Yes,90,76,Completed,Placed,12.42,4
81,24,Male,Delhi,Web Development,Paid,17,2,55,54,3,No,Yes,69,52,Completed,Placed,14.15,3
82,26,Female,Pune,Web Development,Paid,3,9,22,49,2,No,Yes,42,41,Not Completed,Not Placed,0.0,2
83,25,Male,Chennai,Web Development,Paid,11,6,57,53,2,No,Yes,53,68,Completed,Placed,3.62,3
84,29,Male,Bangalore,Web Development,Paid,4,1,25,32,1,No,Yes,32,32,Not Completed,Not Placed,0.0,1
85,19,Female,Pune,AI,Paid,12,15,50,68,1,Yes,Yes,38,72,Not Completed,Placed,14.26,3
86,18,Male,Delhi,Cyber Security,Free,12,3,63,34,3,No,Yes,58,48,Completed,Not Placed,0.0,3
87,33,Female,Mumbai,Cloud Computing,Paid,22,10,80,98,0,No,No,70,98,Completed,Placed,4.5,5
88,22,Female,Delhi,Web Development,Free,22,5,99,69,4,No,Yes,92,85,Completed,Placed,10.36,5
89,20,Female,Mumbai,Web Development,Paid,23,10,100,88,4,No,No,90,86,Completed,Placed,5.39,4
90,29,Male,Pune,Web Development,Paid,14,8,62,71,0,Yes,No,39,76,Completed,Placed,6.15,5
91,25,Male,Chennai,Cyber Security,Paid,8,4,51,47,0,Yes,Yes,44,43,Not Completed,Placed,11.95,3
92,20,Male,Delhi,Data Science,Free,24,12,98,84,2,No,No,87,84,Completed,Placed,14.73,4
93,18,Female,Mumbai,Data Science,Paid,18,8,71,83,4,Yes,No,87,85,Completed,Placed,10.14,5
94,20,Male,Chennai,AI,Paid,3,14,37,59,3,Yes,Yes,68,58,Not Completed,Placed,13.21,3
95,22,Female,Bangalore,Data Science,Paid,13,4,69,55,5,Yes,No,81,71,Completed,Placed,3.11,3
96,32,Female,Mumbai,Web Development,Paid,26,9,88,91,1,Yes,Yes,63,82,Completed,Not Placed,0.0,5
97,31,Male,Pune,Web Development,Free,11,7,54,72,5,Yes,Yes,75,60,Completed,Not Placed,0.0,1
98,20,Female,Bangalore,Web Development,Paid,19,15,78,80,2,No,No,68,73,Completed,Placed,7.67,1
99,18,Male,Bangalore,AI,Paid,23,12,97,94,4,No,Yes,100,100,Completed,Placed,13.68,5
100,22,Male,Hyderabad,Web Development,Free,28,12,99,94,0,No,Yes,63,79,Completed,Not Placed,0.0,5
101,31,Male,Delhi,Data Science,Free,12,0,50,24,4,Yes,Yes,88,65,Not Completed,Placed,8.18,3
102,24,Male,Mumbai,Cyber Security,Paid,17,6,72,46,3,Yes,No,69,66,Completed,Placed,9.33,4
103,26,Male,Bangalore,Cyber Security,Paid,18,3,85,51,2,No,No,61,63,Completed,Not Placed,0.0,2
104,32,Female,Hyderabad,Cloud Computing,Paid,20,4,68,61,0,No,Yes,52,49,Completed,Not Placed,0.0,3
105,32,Female,Pune,Data Science,Paid,19,5,66,89,5,No,No,87,67,Completed,Placed,8.57,5
106,27,Female,Chennai,Web Development,Free,4,4,26,42,3,No,Yes,57,43,Not Completed,Placed,8.09,1
107,30,Male,Mumbai,Cyber Security,Free,22,11,82,93,5,Yes,Yes,94,86,Completed,Placed,13.2,5
108,24,Male,Bangalore,Data Science,Free,28,0,86,69,1,No,Yes,57,75,Completed,Not Placed,0.0,4
109,34,Male,Delhi,Cyber Security,Free,27,11,100,96,2,No,No,77,100,Completed,Placed,12.81,5
110,21,Female,Hyderabad,Web Development,Free,17,8,69,93,3,Yes,Yes,81,88,Completed,Not Placed,0.0,5
111,22,Male,Bangalore,Cyber Security,Free,7,1,38,23,3,No,Yes,69,43,Not Completed,Placed,5.19,2
112,24,Female,Delhi,Cloud Computing,Paid,26,8,100,92,5,No,No,95,100,Completed,Placed,14.41,5
113,30,Female,Bangalore,Cloud Computing,Paid,13,9,66,80,0,Yes,No,48,72,Completed,Placed,13.11,2
114,32,Male,Mumbai,Cyber Security,Paid,12,1,50,55,1,Yes,Yes,62,72,Not Completed,Placed,7.65,4
115,28,Male,Mumbai,Data Science,Paid,16,8,69,86,5,Yes,Yes,82,76,Completed,Placed,10.66,5
116,21,Female,Mumbai,Data Science,Paid,16,5,67,64,3,No,No,64,59,Completed,Placed,14.32,2
117,30,Male,Pune,Data Science,Free,17,10,85,80,2,Yes,No,77,66,Completed,Not Placed,0.0,3
118,24,Female,Pune,Cyber Security,Free,11,8,51,59,3,Yes,Yes,70,62,Completed,Not Placed,0.0,4
119,19,Male,Hyderabad,Data Science,Free,13,12,44,75,4,Yes,No,61,55,Not Completed,Placed,9.45,3
120,27,Male,Mumbai,Web Development,Free,29,5,88,78,2,No,No,57,69,Completed,Placed,4.71,2
121,30,Female,Delhi,Cloud Computing,Paid,14,5,76,65,2,No,No,68,80,Completed,Not Placed,0.0,4
122,23,Male,Bangalore,Web Development,Free,5,12,27,56,3,No,No,50,36,Not Completed,Not Placed,0.0,1
123,29,Female,Chennai,Data Science,Free,8,10,50,56,0,Yes,Yes,23,52,Not Completed,Placed,3.09,2
124,29,Male,Delhi,Web Development,Free,23,13,89,100,2,No,Yes,64,88,Completed,Not Placed,0.0,5
125,28,Female,Pune,Data Science,Paid,3,1,24,25,4,No,Yes,67,41,Not Completed,Placed,9.2,2
126,24,Female,Pune,Cyber Security,Paid,27,7,98,100,5,No,Yes,97,100,Completed,Placed,9.71,5
127,18,Male,Delhi,Web Development,Paid,28,2,100,93,0,No,No,75,85,Completed,Placed,11.06,3
128,18,Female,Pune,Cyber Security,Free,28,6,89,96,0,No,No,34,92,Completed,Not Placed,0.0,5
129,30,Male,Mumbai,Cyber Security,Paid,28,4,100,74,0,No,Yes,73,70,Completed,Placed,4.39,5
130,26,Male,Hyderabad,AI,Paid,16,2,77,59,2,Yes,Yes,63,74,Completed,Not Placed,0.0,3
131,20,Male,Bangalore,Data Science,Paid,9,0,34,57,0,No,Yes,28,60,Not Completed,Not Placed,0.0,3
132,24,Female,Hyderabad,Cloud Computing,Paid,8,7,57,31,3,No,Yes,51,17,Not Completed,Not Placed,0.0,1
133,23,Female,Bangalore,Data Science,Free,16,2,76,54,0,No,Yes,55,65,Completed,Not Placed,0.0,2
134,25,Male,Bangalore,Cloud Computing,Paid,24,1,94,81,4,No,Yes,71,83,Completed,Placed,14.76,4
135,26,Male,Hyderabad,Data Science,Paid,15,15,59,78,1,No,Yes,59,71,Completed,Not Placed,0.0,3
136,22,Female,Delhi,Cyber Security,Free,9,0,32,46,4,Yes,Yes,49,61,Not Completed,Not Placed,0.0,2
137,18,Male,Bangalore,Web Development,Paid,29,3,100,98,2,Yes,Yes,62,85,Completed,Not Placed,0.0,4
138,27,Male,Hyderabad,Web Development,Paid,13,12,86,72,0,No,No,42,63,Completed,Not Placed,0.0,3
139,29,Female,Bangalore,AI,Free,14,7,63,67,0,No,Yes,38,63,Completed,Not Placed,0.0,4
140,32,Male,Chennai,Cloud Computing,Paid,12,12,37,68,3,Yes,Yes,68,70,Not Completed,Placed,4.5,3
141,26,Female,Delhi,Cloud Computing,Paid,18,2,78,62,5,Yes,Yes,100,82,Completed,Placed,4.63,4
142,34,Male,Mumbai,Cloud Computing,Paid,30,13,100,100,0,No,Yes,53,90,Completed,Placed,12.87,4
143,34,Female,Bangalore,Cyber Security,Free,18,0,64,55,4,No,No,77,64,Completed,Placed,14.06,3
144,29,Male,Chennai,Cloud Computing,Paid,25,3,88,72,2,No,Yes,76,64,Completed,Not Placed,0.0,3
145,24,Male,Mumbai,Web Development,Free,5,8,27,56,1,No,No,35,52,Not Completed,Not Placed,0.0,2
146,19,Female,Mumbai,Cyber Security,Paid,22,12,80,79,0,No,Yes,56,82,Completed,Placed,7.94,4
147,20,Male,Bangalore,Data Science,Free,9,0,45,31,1,No,Yes,45,39,Not Completed,Not Placed,0.0,2
148,34,Female,Hyderabad,Cloud Computing,Paid,6,11,29,47,0,No,Yes,29,39,Not Completed,Not Placed,0.0,3
149,22,Male,Bangalore,Cloud Computing,Paid,27,13,88,97,2,No,No,57,78,Completed,Placed,5.53,2
150,34,Female,Chennai,Data Science,Paid,17,10,72,71,5,No,Yes,90,84,Completed,Placed,6.39,5
151,34,Female,Mumbai,Cloud Computing,Paid,5,1,33,38,4,No,No,74,46,Not Completed,Placed,9.11,2
152,34,Female,Bangalore,Data Science,Paid,29,8,100,90,2,No,Yes,68,88,Completed,Placed,9.13,4
153,19,Female,Hyderabad,Cyber Security,Paid,23,15,89,100,1,No,Yes,43,90,Completed,Not Placed,0.0,4
154,19,Male,Bangalore,Web Development,Free,30,1,94,90,0,Yes,No,54,87,Completed,Not Placed,0.0,5
155,22,Male,Delhi,Data Science,Paid,16,12,70,69,1,Yes,No,71,77,Completed,Not Placed,0.0,3
156,18,Female,Hyderabad,AI,Free,13,2,54,58,4,Yes,Yes,85,67,Completed,Not Placed,0.0,3
157,18,Female,Chennai,Data Science,Paid,6,6,40,53,2,Yes,Yes,46,53,Not Completed,Placed,6.05,3
158,19,Female,Mumbai,Cloud Computing,Free,24,2,95,54,1,Yes,Yes,70,75,Completed,Not Placed,0.0,2
159,29,Male,Bangalore,Cyber Security,Paid,17,8,82,72,1,Yes,Yes,66,80,Completed,Placed,9.01,4
160,23,Male,Hyderabad,Cyber Security,Paid,15,15,66,74,4,No,No,93,82,Completed,Placed,3.17,3
161,21,Male,Delhi,Data Science,Paid,11,5,63,65,0,No,Yes,29,50,Completed,Not Placed,0.0,1
162,28,Male,Hyderabad,Web Development,Free,8,2,40,34,1,Yes,Yes,33,37,Not Completed,Not Placed,0.0,1
163,34,Female,Pune,AI,Paid,14,8,59,50,4,No,No,55,57,Completed,Placed,6.87,4
164,23,Female,Delhi,Cyber Security,Paid,21,0,82,61,0,No,No,46,71,Completed,Placed,9.83,4
165,22,Female,Chennai,Cloud Computing,Paid,29,9,100,87,5,No,Yes,100,100,Completed,Placed,9.21,4
166,19,Male,Mumbai,Cloud Computing,Free,30,2,100,92,0,No,No,54,81,Completed,Placed,10.85,4
167,23,Male,Chennai,Web Development,Paid,6,0,39,23,5,Yes,Yes,62,50,Not Completed,Not Placed,0.0,1
168,28,Male,Bangalore,Cyber Security,Paid,30,1,97,81,2,Yes,Yes,77,82,Completed,Placed,5.75,4
169,33,Female,Hyderabad,Data Science,Paid,4,15,38,73,4,No,No,69,75,Not Completed,Placed,5.41,4
170,33,Female,Pune,Cloud Computing,Paid,16,11,59,84,0,Yes,Yes,33,83,Completed,Not Placed,0.0,4
171,18,Male,Delhi,Web Development,Paid,5,7,25,48,5,No,Yes,64,35,Not Completed,Not Placed,0.0,2
172,26,Female,Delhi,Cyber Security,Free,16,6,56,62,5,No,Yes,83,65,Completed,Placed,6.37,1
173,23,Male,Hyderabad,Cyber Security,Free,15,1,64,55,2,Yes,No,69,46,Completed,Placed,7.96,3
174,33,Male,Pune,Cyber Security,Free,21,1,95,70,3,Yes,Yes,75,67,Completed,Placed,4.67,2
175,20,Female,Hyderabad,Cyber Security,Free,20,8,70,66,4,Yes,Yes,72,58,Completed,Not Placed,0.0,3
176,21,Male,Bangalore,Cyber Security,Paid,14,12,78,80,3,No,Yes,94,89,Completed,Not Placed,0.0,4
177,20,Female,Chennai,Cloud Computing,Paid,11,12,62,54,0,No,Yes,42,62,Completed,Not Placed,0.0,4
178,24,Male,Delhi,Web Development,Free,22,5,71,79,4,Yes,Yes,82,85,Completed,Placed,11.54,4
179,26,Female,Bangalore,Cyber Security,Paid,6,4,34,28,2,Yes,No,56,47,Not Completed,Placed,4.77,3
180,18,Female,Chennai,AI,Free,28,9,93,100,0,Yes,Yes,39,89,Completed,Placed,8.47,3
181,25,Female,Bangalore,AI,Paid,24,5,98,85,4,Yes,Yes,91,92,Completed,Placed,3.46,5
182,24,Male,Pune,Web Development,Paid,21,15,73,76,4,No,Yes,64,74,Completed,Placed,3.21,2
183,25,Male,Delhi,Data Science,Free,30,8,93,95,3,Yes,Yes,79,99,Completed,Placed,8.28,5
184,18,Female,Hyderabad,Data Science,Free,21,15,79,86,0,No,No,65,81,Completed,Not Placed,0.0,5
185,28,Female,Hyderabad,Data Science,Paid,26,10,100,85,2,No,Yes,66,91,Completed,Placed,11.2,4
186,27,Male,Chennai,AI,Free,7,6,39,47,2,Yes,Yes,34,28,Not Completed,Not Placed,0.0,2
187,20,Male,Mumbai,Data Science,Paid,5,14,38,48,0,No,Yes,54,41,Not Completed,Not Placed,0.0,2
188,24,Male,Pune,Cloud Computing,Paid,3,9,33,51,0,No,Yes,21,52,Not Completed,Not Placed,0.0,1
189,33,Female,Chennai,Cyber Security,Paid,23,9,73,91,5,No,Yes,74,77,Completed,Placed,3.58,3
190,33,Male,Mumbai,AI,Free,17,13,62,83,1,No,No,68,64,Completed,Not Placed,0.0,2
191,34,Male,Bangalore,Web Development,Paid,19,8,77,73,3,No,Yes,62,79,Completed,Placed,6.28,5
192,19,Female,Pune,Web Development,Paid,6,3,32,44,0,No,No,49,47,Not Completed,Not Placed,0.0,3
193,18,Male,Bangalore,Cyber Security,Paid,23,1,100,75,0,Yes,Yes,62,79,Completed,Placed,4.92,4
194,33,Male,Delhi,AI,Free,5,11,22,56,1,No,Yes,49,60,Not Completed,Placed,4.17,4
195,29,Male,Pune,Data Science,Paid,14,7,52,48,1,No,Yes,50,65,Completed,Not Placed,0.0,3
196,22,Female,Mumbai,Data Science,Paid,20,3,82,58,4,No,No,95,75,Completed,Placed,11.64,4
197,22,Female,Delhi,Cloud Computing,Paid,24,12,85,89,2,No,Yes,60,88,Completed,Not Placed,0.0,3
198,26,Female,Hyderabad,Cloud Computing,Free,3,8,0,27,3,No,Yes,37,10,Not Completed,Not Placed,0.0,2
199,26,Female,Mumbai,Data Science,Paid,14,14,81,78,4,No,Yes,63,86,Completed,Not Placed,0.0,4
200,20,Female,Chennai,Web Development,Free,12,14,45,86,0,Yes,No,47,58,Not Completed,Not Placed,0.0,2
201,33,Female,Hyderabad,Web Development,Paid,23,3,94,84,1,No,Yes,69,73,Completed,Not Placed,0.0,4
202,33,Female,Hyderabad,Cloud Computing,Paid,30,14,97,100,5,No,Yes,88,82,Completed,Placed,3.58,4
203,20,Male,Chennai,Cyber Security,Paid,5,7,26,51,2,No,No,28,28,Not Completed,Not Placed,0.0,1
204,18,Male,Pune,Data Science,Paid,23,8,72,100,4,No,No,83,96,Completed,Placed,9.99,5
205,28,Female,Hyderabad,Cloud Computing,Paid,21,12,75,94,5,No,Yes,100,95,Completed,Placed,5.38,4
206,34,Male,Mumbai,Cloud Computing,Paid,21,8,76,87,2,No,Yes,65,74,Completed,Placed,3.59,5
207,25,Male,Delhi,Data Science,Free,16,9,66,55,5,Yes,Yes,79,74,Completed,Placed,4.3,3
208,21,Female,Hyderabad,Data Science,Paid,5,3,31,49,1,No,Yes,31,40,Not Completed,Placed,9.3,2
209,23,Male,Mumbai,Web Development,Paid,10,0,35,43,4,No,No,78,55,Not Completed,Not Placed,0.0,5
210,25,Male,Bangalore,Cyber Security,Paid,8,15,38,65,4,No,Yes,59,55,Not Completed,Placed,7.02,2
211,20,Male,Mumbai,Cyber Security,Free,20,14,94,84,2,No,No,69,84,Completed,Placed,7.55,5
212,33,Male,Delhi,Data Science,Paid,20,2,93,58,5,No,Yes,100,73,Completed,Not Placed,0.0,3
213,20,Male,Mumbai,AI,Paid,7,8,45,62,1,Yes,Yes,52,52,Not Completed,Not Placed,0.0,2
214,31,Female,Chennai,Cloud Computing,Free,7,3,47,39,0,Yes,Yes,35,51,Not Completed,Not Placed,0.0,2
215,19,Female,Delhi,Cloud Computing,Paid,21,4,100,64,4,No,No,85,88,Completed,Placed,7.12,5
216,20,Female,Pune,Data Science,Free,16,6,73,56,0,Yes,Yes,63,63,Completed,Not Placed,0.0,4
217,33,Male,Bangalore,AI,Free,16,4,74,61,1,Yes,Yes,46,53,Completed,Placed,10.51,3
218,26,Female,Chennai,Web Development,Free,26,3,82,74,4,Yes,Yes,82,100,Completed,Placed,7.99,3
219,21,Male,Pune,Data Science,Free,21,14,71,84,4,No,No,65,78,Completed,Placed,14.58,5
220,18,Male,Mumbai,Data Science,Paid,10,1,49,28,5,Yes,No,91,56,Not Completed,Placed,11.82,3
221,21,Male,Delhi,Cloud Computing,Free,5,14,26,67,0,No,Yes,25,39,Not Completed,Placed,3.74,1
222,18,Male,Bangalore,Data Science,Paid,19,1,67,58,5,No,Yes,79,78,Completed,Placed,11.94,4
223,31,Female,Chennai,Data Science,Free,19,12,68,71,3,No,No,77,85,Completed,Placed,3.29,5
224,33,Female,Pune,Data Science,Paid,6,12,23,53,0,No,No,14,27,Not Completed,Not Placed,0.0,1
225,25,Male,Pune,Cloud Computing,Paid,21,3,75,73,0,Yes,Yes,56,72,Completed,Not Placed,0.0,5
226,24,Female,Bangalore,Web Development,Free,24,9,95,86,3,No,Yes,78,87,Completed,Placed,11.36,5
227,20,Male,Mumbai,Web Development,Free,12,12,73,69,1,No,Yes,45,87,Completed,Placed,6.72,5
228,34,Female,Bangalore,Data Science,Paid,6,9,45,50,1,No,Yes,36,62,Not Completed,Placed,13.48,3
229,18,Female,Pune,Cloud Computing,Free,23,12,95,77,4,No,No,83,74,Completed,Placed,7.04,5
230,33,Male,Hyderabad,Web Development,Paid,27,14,84,100,2,No,Yes,65,82,Completed,Not Placed,0.0,5
231,29,Female,Chennai,Web Development,Free,5,8,36,28,5,Yes,Yes,62,37,Not Completed,Placed,6.43,3
232,31,Male,Bangalore,Web Development,Paid,30,7,100,98,2,Yes,Yes,78,97,Completed,Placed,14.01,5
233,23,Female,Pune,Cloud Computing,Free,13,2,61,56,4,No,No,64,76,Completed,Not Placed,0.0,5
234,23,Male,Mumbai,Cloud Computing,Paid,3,15,25,53,2,No,Yes,22,43,Not Completed,Not Placed,0.0,3
235,30,Male,Pune,Data Science,Free,14,14,78,79,0,Yes,Yes,70,83,Completed,Not Placed,0.0,3
236,25,Female,Mumbai,Cyber Security,Paid,11,13,53,65,0,No,Yes,43,55,Completed,Not Placed,0.0,2
237,19,Female,Bangalore,Web Development,Free,10,15,51,73,3,No,Yes,84,75,Completed,Placed,10.82,3
238,18,Male,Mumbai,Cyber Security,Paid,11,8,33,67,3,Yes,Yes,46,52,Not Completed,Placed,11.91,1
239,32,Female,Delhi,Cloud Computing,Paid,8,13,42,54,4,No,No,73,45,Not Completed,Not Placed,0.0,3
240,18,Female,Delhi,Cloud Computing,Free,5,4,46,44,4,No,Yes,79,60,Not Completed,Not Placed,0.0,5
241,22,Male,Delhi,Cloud Computing,Paid,20,10,85,96,4,No,Yes,84,90,Completed,Placed,7.13,5
242,33,Male,Hyderabad,Cyber Security,Free,11,2,31,48,0,No,Yes,17,33,Not Completed,Placed,5.28,2
243,21,Female,Bangalore,Cloud Computing,Paid,4,4,27,30,2,No,Yes,44,52,Not Completed,Not Placed,0.0,2
244,20,Male,Pune,Data Science,Paid,26,12,100,100,5,No,Yes,100,93,Completed,Placed,11.43,4
245,34,Male,Pune,Cloud Computing,Paid,22,9,84,82,4,Yes,Yes,91,91,Completed,Placed,4.04,5
246,34,Male,Hyderabad,AI,Free,30,12,100,100,4,Yes,Yes,91,95,Completed,Placed,4.4,5
247,29,Female,Mumbai,Cyber Security,Paid,20,3,96,68,0,No,Yes,67,91,Completed,Placed,11.58,4
248,31,Female,Hyderabad,AI,Paid,22,7,84,82,5,Yes,No,100,86,Completed,Placed,3.9,5
249,23,Male,Mumbai,Cloud Computing,Paid,3,12,36,46,0,No,Yes,29,31,Not Completed,Placed,14.01,1
250,20,Female,Mumbai,Data Science,Paid,28,11,100,99,5,No,Yes,84,100,Completed,Placed,11.9,5
251,26,Male,Chennai,Web Development,Paid,21,4,89,79,0,No,Yes,57,92,Completed,Placed,7.03,5
252,22,Female,Pune,Cloud Computing,Paid,11,9,56,56,2,No,No,50,55,Completed,Not Placed,0.0,3
253,34,Male,Delhi,Data Science,Paid,3,11,23,43,4,No,Yes,62,51,Not Completed,Placed,9.08,2
254,31,Male,Mumbai,Cyber Security,Free,3,7,24,37,1,Yes,No,51,43,Not Completed,Not Placed,0.0,2
255,20,Female,Chennai,AI,Paid,29,8,98,83,1,Yes,Yes,71,83,Completed,Placed,12.4,4
256,18,Male,Pune,AI,Paid,25,3,78,69,4,No,No,96,86,Completed,Placed,14.7,5
257,18,Female,Delhi,AI,Paid,18,6,86,60,4,No,Yes,76,68,Completed,Placed,10.01,5
258,20,Female,Mumbai,Cyber Security,Paid,17,1,71,55,4,No,Yes,91,71,Completed,Placed,8.35,3
259,27,Male,Mumbai,Data Science,Paid,17,5,82,72,4,No,Yes,100,85,Completed,Placed,5.67,3
260,20,Male,Hyderabad,Cyber Security,Free,15,7,80,78,5,No,Yes,92,85,Completed,Placed,10.84,5
261,25,Female,Hyderabad,AI,Paid,8,11,44,58,2,No,No,76,55,Not Completed,Not Placed,0.0,3
262,31,Male,Pune,Cloud Computing,Paid,22,6,72,80,1,No,Yes,48,89,Completed,Not Placed,0.0,5
263,32,Male,Delhi,Web Development,Paid,12,6,54,58,3,Yes,No,59,71,Completed,Not Placed,0.0,4
264,19,Male,Mumbai,Cyber Security,Free,25,7,88,63,1,No,Yes,69,83,Completed,Placed,13.79,5
265,27,Male,Pune,Cyber Security,Free,2,15,6,42,1,Yes,Yes,30,46,Not Completed,Not Placed,0.0,3
266,19,Male,Pune,Data Science,Free,12,6,50,63,0,No,Yes,32,57,Not Completed,Placed,11.93,3
267,34,Female,Bangalore,Data Science,Paid,24,4,91,84,4,Yes,Yes,94,86,Completed,Placed,12.12,5
268,25,Female,Hyderabad,Cyber Security,Free,22,6,79,84,4,No,No,87,75,Completed,Not Placed,0.0,4
269,18,Male,Delhi,AI,Paid,5,12,27,52,4,Yes,Yes,56,44,Not Completed,Placed,7.74,1
270,26,Male,Mumbai,Web Development,Paid,8,13,31,42,0,Yes,Yes,34,34,Not Completed,Not Placed,0.0,3
271,28,Male,Pune,Data Science,Free,27,9,100,81,2,No,No,83,84,Completed,Placed,3.48,4
272,33,Female,Mumbai,AI,Paid,16,2,86,47,2,No,Yes,64,69,Completed,Placed,12.14,3
273,24,Male,Bangalore,Cloud Computing,Paid,19,4,89,72,3,Yes,Yes,84,89,Completed,Not Placed,0.0,3
274,27,Female,Delhi,Data Science,Paid,13,6,65,54,2,Yes,Yes,53,68,Completed,Placed,7.76,2
275,20,Female,Pune,AI,Paid,18,14,80,100,2,No,Yes,61,76,Completed,Placed,4.24,3
276,30,Female,Mumbai,AI,Paid,2,8,24,54,4,No,Yes,72,58,Not Completed,Placed,13.04,4
277,24,Male,Hyderabad,Web Development,Paid,12,14,37,88,5,Yes,Yes,80,81,Not Completed,Placed,9.6,4
278,21,Female,Bangalore,Web Development,Paid,29,1,100,70,1,No,Yes,49,75,Completed,Placed,11.29,5
279,30,Male,Delhi,Cloud Computing,Paid,2,3,16,34,2,Yes,No,38,45,Not Completed,Placed,11.19,3
280,18,Female,Bangalore,AI,Free,16,11,69,69,2,No,Yes,68,78,Completed,Not Placed,0.0,5
281,25,Male,Hyderabad,AI,Paid,29,6,100,93,0,Yes,No,61,79,Completed,Placed,4.59,5
282,31,Female,Delhi,Web Development,Paid,22,0,100,55,3,No,Yes,90,97,Completed,Placed,10.92,5
283,33,Male,Bangalore,Data Science,Paid,11,12,53,78,5,Yes,Yes,82,67,Completed,Placed,9.9,3
284,31,Female,Chennai,Data Science,Free,8,1,27,30,0,No,Yes,29,43,Not Completed,Not Placed,0.0,2
285,29,Male,Hyderabad,Cyber Security,Paid,3,8,29,22,4,Yes,Yes,61,47,Not Completed,Not Placed,0.0,3
286,32,Male,Hyderabad,Web Development,Free,11,12,53,86,1,Yes,Yes,60,62,Completed,Placed,6.21,2
287,19,Male,Hyderabad,Cyber Security,Paid,25,9,100,92,3,Yes,No,90,96,Completed,Not Placed,0.0,5
288,19,Male,Chennai,Web Development,Paid,5,6,34,31,0,No,No,37,47,Not Completed,Not Placed,0.0,2
289,34,Female,Chennai,Cloud Computing,Free,13,11,59,66,2,No,Yes,60,56,Completed,Placed,3.33,4
290,27,Female,Mumbai,AI,Paid,20,9,73,72,2,No,Yes,59,73,Completed,Placed,9.64,4
291,23,Male,Pune,Cloud Computing,Paid,27,6,97,86,3,No,Yes,79,97,Completed,Not Placed,0.0,5
292,32,Female,Bangalore,Web Development,Paid,12,5,61,62,2,No,Yes,71,75,Completed,Placed,6.44,3
293,28,Male,Mumbai,AI,Free,9,2,26,48,0,No,Yes,40,41,Not Completed,Not Placed,0.0,1
294,22,Male,Bangalore,Data Science,Free,19,9,73,78,0,Yes,No,42,83,Completed,Not Placed,0.0,4
295,18,Female,Pune,Data Science,Free,12,2,62,48,2,No,Yes,61,70,Completed,Not Placed,0.0,3
296,25,Male,Chennai,Cyber Security,Free,12,1,72,56,2,Yes,No,69,69,Completed,Not Placed,0.0,4
297,29,Male,Pune,Web Development,Paid,14,10,58,48,4,No,Yes,79,57,Completed,Placed,5.42,3
298,29,Female,Chennai,Web Development,Free,4,5,43,30,1,No,Yes,49,35,Not Completed,Placed,3.89,1
299,22,Male,Pune,Data Science,Paid,13,3,75,42,3,No,Yes,62,64,Completed,Not Placed,0.0,4
300,24,Male,Mumbai,Cloud Computing,Free,4,15,28,68,0,No,Yes,19,61,Not Completed,Not Placed,0.0,1
301,21,Male,Delhi,AI,Paid,11,4,47,42,3,No,Yes,74,54,Not Completed,Not Placed,0.0,3
302,23,Male,Mumbai,Cloud Computing,Paid,28,2,100,67,4,No,Yes,100,79,Completed,Not Placed,0.0,3
303,30,Female,Bangalore,Cloud Computing,Paid,18,5,73,71,0,Yes,No,34,73,Completed,Not Placed,0.0,4
304,32,Female,Mumbai,Data Science,Free,23,10,99,76,4,Yes,No,91,89,Completed,Placed,14.18,5
305,20,Female,Hyderabad,Data Science,Paid,3,11,21,44,4,No,Yes,68,51,Not Completed,Not Placed,0.0,1
306,25,Male,Bangalore,Data Science,Paid,18,2,89,83,5,No,No,73,80,Completed,Placed,11.33,4
307,33,Male,Pune,Cyber Security,Free,17,13,62,87,2,Yes,Yes,50,70,Completed,Placed,7.04,4
308,30,Female,Bangalore,Cloud Computing,Free,3,14,16,51,5,Yes,No,65,43,Not Completed,Placed,4.25,1
309,27,Male,Delhi,Web Development,Paid,29,13,100,100,3,Yes,Yes,78,99,Completed,Placed,9.88,5
310,34,Male,Chennai,AI,Paid,23,15,100,100,3,Yes,Yes,86,94,Completed,Not Placed,0.0,4
311,22,Male,Pune,Cyber Security,Paid,21,15,84,98,2,No,Yes,84,95,Completed,Placed,14.43,4
312,26,Male,Bangalore,Web Development,Free,7,7,45,48,5,No,Yes,69,51,Not Completed,Placed,8.31,2
313,29,Female,Pune,Cloud Computing,Paid,29,8,100,95,3,No,Yes,84,98,Completed,Placed,11.29,4
314,18,Female,Pune,Data Science,Paid,26,3,100,63,5,No,Yes,96,90,Completed,Placed,9.9,4
315,18,Female,Pune,Cloud Computing,Paid,30,14,100,91,2,No,Yes,77,94,Completed,Not Placed,0.0,5
316,32,Male,Chennai,AI,Paid,11,8,48,56,0,Yes,Yes,39,61,Not Completed,Not Placed,0.0,4
317,19,Female,Mumbai,Cyber Security,Paid,29,11,100,93,4,No,Yes,100,93,Completed,Placed,9.48,5
318,33,Female,Pune,Cyber Security,Paid,11,6,61,59,4,No,Yes,91,75,Completed,Placed,8.93,5
319,25,Male,Hyderabad,AI,Free,9,2,51,43,5,Yes,Yes,64,57,Completed,Placed,9.16,2
320,30,Male,Delhi,Web Development,Paid,2,6,22,28,3,No,Yes,43,29,Not Completed,Placed,4.97,2
321,18,Female,Chennai,Web Development,Free,14,13,61,75,5,Yes,No,76,58,Completed,Not Placed,0.0,5
322,33,Female,Bangalore,Cyber Security,Paid,25,0,93,65,5,Yes,Yes,84,67,Completed,Placed,10.27,2
323,24,Female,Chennai,Cyber Security,Paid,10,2,46,64,1,Yes,Yes,32,38,Not Completed,Not Placed,0.0,1
324,22,Female,Bangalore,Data Science,Paid,23,5,82,79,4,No,Yes,83,86,Completed,Placed,8.86,5
325,20,Male,Chennai,Web Development,Free,11,3,55,32,2,Yes,Yes,50,46,Completed,Placed,3.93,3
326,29,Female,Bangalore,AI,Paid,16,6,61,82,5,No,Yes,75,76,Completed,Placed,5.29,3
327,33,Female,Pune,Web Development,Paid,6,13,39,51,1,Yes,Yes,63,53,Not Completed,Placed,6.85,2
328,22,Male,Mumbai,Data Science,Free,23,2,68,60,1,No,Yes,48,68,Completed,Placed,8.03,3
329,31,Female,Bangalore,Cyber Security,Free,17,0,65,75,4,No,No,73,78,Completed,Not Placed,0.0,4
330,22,Male,Bangalore,Cyber Security,Free,14,8,72,67,4,No,Yes,88,76,Completed,Placed,13.36,4
331,32,Male,Hyderabad,Data Science,Free,23,15,79,100,4,No,No,79,90,Completed,Placed,4.91,3
332,34,Male,Bangalore,AI,Free,26,14,100,100,2,Yes,Yes,64,93,Completed,Placed,3.18,4
333,31,Female,Hyderabad,Cyber Security,Free,21,5,74,69,1,Yes,Yes,55,81,Completed,Placed,8.39,3
334,22,Female,Delhi,Cloud Computing,Free,19,7,84,66,3,No,Yes,97,64,Completed,Placed,8.19,4
335,29,Male,Pune,Cyber Security,Paid,12,2,53,43,2,Yes,Yes,52,48,Completed,Not Placed,0.0,1
336,33,Female,Hyderabad,Cloud Computing,Paid,28,7,100,100,0,Yes,Yes,50,96,Completed,Placed,13.0,5
337,33,Female,Mumbai,Data Science,Paid,10,1,50,44,5,No,Yes,84,68,Not Completed,Placed,12.63,5
338,24,Male,Pune,Data Science,Paid,17,11,57,89,4,No,Yes,71,80,Completed,Not Placed,0.0,3
339,21,Male,Hyderabad,Cyber Security,Paid,3,15,38,55,1,No,No,70,55,Not Completed,Placed,14.21,2
340,18,Female,Pune,Web Development,Paid,27,3,100,72,5,No,No,92,100,Completed,Placed,4.32,5
341,22,Male,Pune,Cloud Computing,Paid,26,2,94,61,2,No,Yes,90,82,Completed,Placed,10.61,1
342,27,Female,Pune,AI,Paid,3,9,34,50,0,No,No,45,49,Not Completed,Not Placed,0.0,1
343,22,Female,Delhi,Cyber Security,Paid,13,0,66,62,2,No,Yes,58,76,Completed,Placed,11.16,4
344,21,Female,Mumbai,AI,Free,9,14,46,57,2,Yes,Yes,54,61,Not Completed,Not Placed,0.0,3
345,19,Female,Chennai,Cyber Security,Free,10,12,38,69,3,No,Yes,48,66,Not Completed,Not Placed,0.0,4
346,27,Male,Chennai,Web Development,Paid,13,12,74,56,5,No,Yes,84,79,Completed,Placed,9.58,4
347,18,Male,Hyderabad,Web Development,Paid,27,6,97,80,3,No,Yes,78,83,Completed,Placed,5.4,4
348,22,Male,Pune,Web Development,Free,10,10,43,62,2,No,No,54,72,Not Completed,Placed,3.24,3
349,30,Male,Hyderabad,Web Development,Paid,11,9,69,42,0,No,Yes,33,34,Completed,Not Placed,0.0,1
350,21,Female,Delhi,Data Science,Paid,26,1,100,73,1,No,Yes,71,67,Completed,Placed,8.58,2
351,33,Female,Delhi,Data Science,Paid,3,3,31,23,1,Yes,No,38,30,Not Completed,Placed,10.88,1
352,33,Male,Bangalore,Cloud Computing,Paid,17,8,61,76,5,Yes,Yes,88,72,Completed,Placed,4.76,3
353,19,Female,Delhi,AI,Paid,21,5,91,70,4,No,Yes,93,86,Completed,Placed,13.09,3
354,34,Female,Bangalore,Cyber Security,Paid,8,7,72,59,4,No,Yes,78,65,Not Completed,Placed,4.75,3
355,29,Female,Mumbai,Cyber Security,Paid,29,1,100,77,1,Yes,Yes,72,85,Completed,Placed,13.7,5
356,20,Male,Hyderabad,Data Science,Free,3,6,33,24,2,No,Yes,48,37,Not Completed,Not Placed,0.0,2
357,18,Male,Mumbai,Cyber Security,Paid,2,5,33,19,2,Yes,Yes,56,54,Not Completed,Not Placed,0.0,3
358,18,Male,Delhi,Data Science,Paid,20,12,76,64,3,No,Yes,77,67,Completed,Placed,13.76,2
359,28,Female,Mumbai,Cloud Computing,Paid,29,13,100,100,5,No,No,100,86,Completed,Placed,6.6,4
360,22,Male,Mumbai,AI,Paid,5,8,31,71,3,No,No,55,67,Not Completed,Placed,5.18,5
361,29,Male,Mumbai,Cloud Computing,Paid,25,6,89,86,4,Yes,Yes,100,85,Completed,Placed,8.35,5
362,20,Male,Delhi,Web Development,Paid,23,0,85,82,1,No,Yes,66,80,Completed,Placed,5.93,3
363,18,Male,Pune,Web Development,Paid,28,13,100,100,2,No,Yes,62,87,Completed,Placed,9.33,3
364,18,Male,Mumbai,Web Development,Paid,3,7,26,34,1,No,No,33,43,Not Completed,Not Placed,0.0,4
365,25,Male,Bangalore,Cloud Computing,Paid,26,10,95,100,0,No,Yes,55,78,Completed,Not Placed,0.0,4
366,27,Female,Delhi,Cyber Security,Paid,15,9,67,63,1,No,Yes,54,43,Completed,Not Placed,0.0,2
367,28,Female,Mumbai,AI,Free,3,14,29,49,0,No,No,33,55,Not Completed,Placed,3.0,2
368,29,Male,Pune,Web Development,Paid,30,2,100,81,3,Yes,No,74,89,Completed,Placed,12.67,5
369,30,Male,Delhi,Web Development,Paid,16,13,83,76,3,No,Yes,76,89,Completed,Not Placed,0.0,5
370,29,Female,Chennai,Web Development,Paid,13,1,59,54,4,No,Yes,72,73,Completed,Placed,6.84,3
371,31,Female,Pune,AI,Paid,6,11,60,47,1,No,Yes,62,51,Not Completed,Not Placed,0.0,2
372,19,Male,Bangalore,Web Development,Paid,29,2,100,90,1,Yes,Yes,58,88,Completed,Placed,10.56,4
373,20,Male,Mumbai,AI,Paid,21,10,78,90,0,Yes,Yes,51,83,Completed,Placed,8.3,4
374,34,Male,Chennai,Web Development,Paid,30,5,100,93,3,Yes,Yes,77,91,Completed,Placed,10.54,4
375,25,Male,Chennai,Cloud Computing,Free,8,12,43,79,0,No,Yes,55,63,Not Completed,Not Placed,0.0,2
376,27,Female,Delhi,Cloud Computing,Free,25,13,71,100,3,No,Yes,84,86,Completed,Not Placed,0.0,5
377,19,Male,Chennai,AI,Free,22,2,85,78,0,No,Yes,37,82,Completed,Placed,11.76,4
378,26,Male,Bangalore,Cloud Computing,Paid,11,9,50,60,3,No,Yes,56,58,Not Completed,Not Placed,0.0,5
379,24,Male,Bangalore,AI,Paid,15,15,81,83,0,Yes,Yes,61,84,Completed,Placed,11.69,2
380,21,Male,Hyderabad,Cloud Computing,Paid,15,4,56,63,3,No,No,70,68,Completed,Placed,9.9,2
381,30,Female,Bangalore,Cloud Computing,Paid,6,5,34,42,5,No,Yes,77,44,Not Completed,Not Placed,0.0,3
382,28,Female,Pune,AI,Paid,19,7,89,68,0,Yes,Yes,57,77,Completed,Placed,5.14,4
383,21,Female,Chennai,Cyber Security,Free,25,6,98,57,1,No,Yes,76,65,Completed,Placed,3.5,2
384,21,Male,Bangalore,Cloud Computing,Paid,15,13,63,83,4,No,Yes,85,82,Completed,Placed,12.71,5
385,27,Male,Delhi,Web Development,Paid,3,10,21,56,5,No,Yes,65,58,Not Completed,Not Placed,0.0,2
386,22,Female,Hyderabad,Cyber Security,Free,27,7,100,76,5,Yes,No,88,96,Completed,Placed,6.8,5
387,26,Male,Chennai,AI,Free,13,2,58,56,0,No,Yes,26,47,Completed,Not Placed,0.0,2
388,20,Male,Hyderabad,Cyber Security,Free,23,3,81,66,4,No,No,83,73,Completed,Placed,8.81,3
389,34,Female,Chennai,Data Science,Free,25,15,87,96,1,No,Yes,44,85,Completed,Not Placed,0.0,4
390,20,Female,Delhi,Data Science,Paid,7,15,32,77,5,Yes,Yes,75,61,Not Completed,Placed,11.42,4
391,33,Female,Hyderabad,Cloud Computing,Free,5,5,25,30,1,Yes,No,34,20,Not Completed,Not Placed,0.0,1
392,21,Female,Mumbai,Cloud Computing,Paid,14,10,71,58,3,No,Yes,91,68,Completed,Placed,8.22,4
393,34,Male,Pune,Web Development,Paid,5,6,42,60,4,No,Yes,72,63,Not Completed,Placed,7.87,5
394,24,Male,Pune,Cyber Security,Paid,23,8,98,80,2,No,Yes,74,94,Completed,Placed,7.44,5
395,22,Female,Chennai,Data Science,Paid,15,12,65,86,3,Yes,Yes,53,88,Completed,Not Placed,0.0,4
396,29,Male,Mumbai,Cloud Computing,Paid,17,0,68,38,4,Yes,No,66,59,Completed,Not Placed,0.0,3
397,34,Female,Hyderabad,Cyber Security,Paid,30,12,100,88,0,No,No,66,92,Completed,Placed,7.13,5
398,30,Female,Mumbai,Cloud Computing,Paid,5,14,45,48,0,No,No,34,57,Not Completed,Not Placed,0.0,4
399,20,Male,Mumbai,Cloud Computing,Free,25,7,76,79,1,No,Yes,83,64,Completed,Not Placed,0.0,2
400,26,Female,Hyderabad,Data Science,Paid,26,7,92,71,5,No,Yes,95,76,Completed,Placed,6.47,4
401,34,Male,Delhi,Data Science,Free,2,5,17,37,2,No,Yes,44,39,Not Completed,Not Placed,0.0,2
402,34,Male,Mumbai,Cloud Computing,Paid,14,3,75,58,0,Yes,No,36,75,Completed,Not Placed,0.0,2
403,33,Male,Mumbai,AI,Free,5,2,30,25,4,Yes,Yes,73,48,Not Completed,Placed,6.63,2
404,30,Male,Delhi,Cloud Computing,Paid,21,10,66,73,5,No,Yes,77,77,Completed,Placed,8.83,3
405,34,Female,Mumbai,Cloud Computing,Paid,19,2,79,55,5,Yes,No,96,73,Completed,Placed,8.06,4
406,21,Male,Mumbai,Web Development,Paid,7,5,37,32,4,Yes,Yes,74,52,Not Completed,Placed,4.27,4
407,29,Female,Mumbai,Web Development,Free,4,12,26,23,5,No,Yes,71,36,Not Completed,Placed,14.26,1
408,26,Female,Pune,Web Development,Free,24,7,85,81,0,No,No,71,75,Completed,Not Placed,0.0,4
409,29,Female,Bangalore,AI,Free,14,6,55,55,4,Yes,Yes,67,56,Completed,Placed,12.0,3
410,26,Female,Delhi,AI,Free,28,10,100,92,4,Yes,Yes,100,100,Completed,Placed,3.86,5
411,24,Male,Mumbai,Cloud Computing,Paid,17,0,73,43,1,Yes,Yes,44,51,Completed,Not Placed,0.0,3
412,31,Male,Pune,Web Development,Free,28,10,100,100,2,No,Yes,83,93,Completed,Placed,5.1,5
413,32,Female,Delhi,AI,Paid,6,15,27,86,1,Yes,No,37,63,Not Completed,Not Placed,0.0,4
414,33,Female,Chennai,Data Science,Paid,5,5,33,31,2,Yes,Yes,42,33,Not Completed,Placed,4.51,1
415,22,Male,Chennai,Cloud Computing,Free,22,6,88,89,4,No,Yes,70,87,Completed,Placed,8.43,4
416,20,Female,Mumbai,Cyber Security,Paid,9,11,49,63,5,Yes,Yes,76,66,Not Completed,Not Placed,0.0,3
417,29,Male,Pune,Cloud Computing,Free,20,6,81,72,2,Yes,No,65,71,Completed,Placed,4.6,3
418,21,Female,Pune,Cyber Security,Free,15,8,55,62,4,Yes,Yes,75,64,Completed,Placed,14.75,3
419,33,Male,Delhi,Web Development,Free,8,10,19,55,4,Yes,Yes,66,43,Not Completed,Placed,6.09,2
420,24,Female,Delhi,Cyber Security,Paid,15,10,82,81,1,Yes,Yes,52,88,Completed,Not Placed,0.0,3
421,30,Female,Pune,Web Development,Paid,7,9,27,40,1,Yes,Yes,56,47,Not Completed,Placed,5.6,3
422,27,Male,Delhi,Data Science,Paid,13,4,39,51,5,No,Yes,70,47,Not Completed,Not Placed,0.0,2
423,24,Female,Pune,Cyber Security,Paid,17,0,72,66,3,Yes,Yes,78,74,Completed,Not Placed,0.0,5
424,31,Female,Bangalore,Cloud Computing,Free,18,1,56,67,0,No,Yes,43,63,Completed,Placed,9.25,3
425,22,Male,Pune,Web Development,Paid,14,14,53,64,3,No,Yes,63,46,Completed,Not Placed,0.0,2
426,20,Female,Chennai,Cloud Computing,Paid,24,3,97,72,3,No,No,83,95,Completed,Placed,5.98,4
427,28,Male,Delhi,AI,Free,15,4,82,65,5,Yes,Yes,83,69,Completed,Placed,12.11,3
428,28,Male,Pune,Web Development,Free,30,8,100,100,2,Yes,Yes,72,100,Completed,Placed,4.42,4
429,32,Female,Pune,Cyber Security,Paid,8,10,39,65,5,No,Yes,62,66,Not Completed,Not Placed,0.0,4
430,29,Female,Delhi,Web Development,Free,15,14,64,81,5,No,No,80,68,Completed,Placed,4.82,4
431,26,Female,Bangalore,Cloud Computing,Paid,16,0,49,57,4,No,No,66,58,Not Completed,Not Placed,0.0,3
432,27,Female,Bangalore,Data Science,Free,13,2,54,53,4,Yes,Yes,82,71,Completed,Placed,4.83,3
433,29,Female,Delhi,Web Development,Free,18,15,69,100,4,No,No,76,83,Completed,Placed,13.64,5
434,34,Female,Hyderabad,Cyber Security,Free,10,4,51,43,0,Yes,Yes,35,58,Completed,Not Placed,0.0,3
435,23,Female,Delhi,AI,Free,23,15,100,96,2,No,Yes,78,90,Completed,Placed,9.73,5
436,24,Male,Delhi,Data Science,Paid,16,15,48,71,2,No,Yes,57,63,Not Completed,Not Placed,0.0,3
437,31,Female,Bangalore,AI,Paid,13,2,54,37,4,Yes,No,67,62,Completed,Placed,9.12,4
438,30,Male,Bangalore,Web Development,Paid,3,3,10,35,3,No,Yes,51,42,Not Completed,Not Placed,0.0,1
439,25,Female,Delhi,Cloud Computing,Paid,6,14,32,52,0,No,No,31,39,Not Completed,Not Placed,0.0,1
440,27,Female,Delhi,Cloud Computing,Paid,14,13,53,73,3,No,Yes,59,70,Completed,Placed,3.72,5
441,26,Male,Delhi,Cyber Security,Paid,28,2,89,96,1,No,Yes,58,88,Completed,Placed,14.67,4
442,19,Female,Bangalore,Cloud Computing,Free,21,3,92,83,2,No,Yes,82,79,Completed,Not Placed,0.0,5
443,22,Female,Delhi,Data Science,Paid,24,13,94,100,2,No,No,68,80,Completed,Not Placed,0.0,3
444,22,Male,Delhi,Cloud Computing,Paid,9,14,54,82,3,Yes,Yes,68,57,Completed,Not Placed,0.0,5
445,23,Female,Mumbai,Cyber Security,Free,28,15,98,100,0,No,Yes,46,86,Completed,Placed,5.97,4
446,25,Female,Hyderabad,Web Development,Paid,15,12,64,78,2,Yes,Yes,72,74,Completed,Placed,4.25,4
447,33,Female,Chennai,Web Development,Free,16,12,83,66,3,No,No,71,79,Completed,Placed,12.24,4
448,30,Male,Hyderabad,Cloud Computing,Paid,12,14,55,61,5,Yes,Yes,86,74,Completed,Placed,6.84,3
449,18,Female,Mumbai,AI,Paid,2,14,34,65,5,No,Yes,71,57,Not Completed,Placed,13.09,1
450,34,Female,Chennai,Web Development,Paid,22,0,79,64,0,No,Yes,55,69,Completed,Not Placed,0.0,4
451,24,Female,Delhi,Cloud Computing,Paid,4,11,39,51,3,No,No,64,48,Not Completed,Placed,11.01,3
452,30,Female,Mumbai,Cyber Security,Paid,18,7,68,64,5,No,No,85,73,Completed,Placed,10.99,4
453,21,Male,Delhi,Cloud Computing,Paid,29,3,88,79,0,No,No,36,82,Completed,Not Placed,0.0,3
454,21,Male,Bangalore,Web Development,Paid,20,6,79,75,4,No,Yes,94,83,Completed,Placed,11.09,5
455,23,Female,Pune,Cyber Security,Free,15,1,60,41,0,No,Yes,42,62,Completed,Not Placed,0.0,3
456,29,Female,Mumbai,Cloud Computing,Paid,23,1,72,70,1,No,No,60,79,Completed,Placed,11.19,5
457,24,Male,Bangalore,Data Science,Paid,24,5,93,93,4,Yes,Yes,96,100,Completed,Placed,13.77,5
458,27,Male,Mumbai,Cyber Security,Paid,9,13,38,42,3,No,Yes,54,50,Not Completed,Not Placed,0.0,1
459,24,Female,Mumbai,Data Science,Paid,14,1,92,34,4,No,Yes,93,65,Completed,Placed,14.34,4
460,20,Male,Bangalore,AI,Paid,28,14,89,100,4,No,No,80,97,Completed,Not Placed,0.0,5
461,30,Female,Chennai,Cyber Security,Paid,21,14,70,100,3,No,Yes,75,83,Completed,Placed,7.19,4
462,30,Male,Hyderabad,Data Science,Paid,4,5,40,33,3,No,Yes,60,51,Not Completed,Not Placed,0.0,3
463,25,Male,Delhi,Web Development,Paid,6,10,36,32,5,No,No,70,42,Not Completed,Not Placed,0.0,3
464,26,Male,Mumbai,Web Development,Free,10,14,58,82,1,Yes,Yes,51,63,Completed,Not Placed,0.0,4
465,24,Male,Delhi,AI,Paid,30,1,100,73,3,Yes,Yes,73,93,Completed,Not Placed,0.0,3
466,18,Female,Pune,Cyber Security,Paid,7,3,35,36,2,No,No,53,37,Not Completed,Not Placed,0.0,1
467,20,Male,Bangalore,Cyber Security,Paid,26,6,84,87,2,No,No,73,92,Completed,Not Placed,0.0,5
468,30,Male,Delhi,Cyber Security,Free,23,7,99,73,1,Yes,No,71,87,Completed,Placed,5.6,4
469,34,Female,Bangalore,AI,Paid,3,14,16,45,0,No,Yes,41,41,Not Completed,Not Placed,0.0,1
470,18,Male,Delhi,Cyber Security,Paid,14,2,67,43,0,No,Yes,45,41,Completed,Not Placed,0.0,2
471,23,Male,Hyderabad,Web Development,Free,6,13,47,76,2,No,No,54,77,Not Completed,Placed,12.95,3
472,23,Female,Hyderabad,Data Science,Paid,29,14,100,100,3,No,Yes,72,86,Completed,Not Placed,0.0,4
473,29,Male,Hyderabad,Web Development,Paid,28,12,100,100,1,No,No,83,100,Completed,Placed,14.95,5
474,30,Female,Hyderabad,Web Development,Paid,26,8,88,66,0,No,No,40,65,Completed,Placed,10.23,2
475,30,Female,Hyderabad,Data Science,Paid,9,1,51,45,0,No,Yes,42,45,Completed,Not Placed,0.0,1
476,32,Female,Hyderabad,Web Development,Paid,24,7,61,87,4,No,No,70,82,Completed,Not Placed,0.0,2
477,33,Female,Bangalore,AI,Paid,2,7,33,25,2,No,No,49,44,Not Completed,Not Placed,0.0,1
478,28,Male,Mumbai,Data Science,Paid,21,15,84,94,3,No,Yes,64,76,Completed,Placed,12.03,4
479,22,Female,Delhi,Web Development,Free,13,12,56,80,1,No,Yes,59,82,Completed,Placed,12.51,3
480,21,Male,Hyderabad,Cloud Computing,Free,24,15,94,100,0,No,Yes,48,86,Completed,Placed,5.8,5
481,20,Male,Bangalore,Web Development,Paid,12,15,42,67,4,No,Yes,80,65,Not Completed,Placed,14.16,4
482,32,Male,Bangalore,AI,Free,8,13,19,62,2,No,Yes,34,44,Not Completed,Not Placed,0.0,2
483,26,Male,Bangalore,Cyber Security,Paid,16,3,72,65,2,Yes,Yes,74,63,Completed,Placed,3.22,4
484,34,Male,Mumbai,Web Development,Paid,23,0,100,66,1,No,No,59,84,Completed,Placed,4.54,3
485,31,Male,Delhi,Cyber Security,Paid,25,12,77,100,0,No,No,44,84,Completed,Placed,8.95,5
486,32,Male,Mumbai,Cloud Computing,Paid,12,0,45,47,1,No,Yes,45,44,Not Completed,Not Placed,0.0,2
487,18,Male,Chennai,Web Development,Paid,30,1,100,89,1,No,Yes,59,94,Completed,Not Placed,0.0,4
488,20,Male,Bangalore,Data Science,Paid,23,13,92,100,5,No,Yes,88,95,Completed,Placed,4.08,5
489,33,Male,Chennai,Cyber Security,Paid,27,14,100,91,4,No,No,83,93,Completed,Placed,10.74,4
490,28,Female,Pune,Cloud Computing,Free,17,11,81,76,2,No,Yes,71,93,Completed,Not Placed,0.0,5
491,29,Female,Hyderabad,Data Science,Paid,4,13,40,50,5,Yes,Yes,75,44,Not Completed,Placed,5.8,2
492,27,Female,Hyderabad,Data Science,Paid,21,8,75,88,3,No,No,74,69,Completed,Not Placed,0.0,4
493,33,Male,Mumbai,Data Science,Paid,15,12,70,78,2,No,Yes,60,63,Completed,Placed,5.67,3
494,25,Female,Delhi,Data Science,Paid,4,1,46,28,2,No,No,59,49,Not Completed,Not Placed,0.0,3
495,23,Female,Chennai,Web Development,Free,2,1,24,13,4,No,No,72,33,Not Completed,Placed,9.88,1
496,29,Female,Delhi,Web Development,Paid,27,5,99,68,3,No,No,89,82,Completed,Placed,14.73,5
497,25,Male,Mumbai,Web Development,Paid,22,6,87,79,0,No,Yes,52,70,Completed,Not Placed,0.0,2
498,21,Male,Hyderabad,Cloud Computing,Paid,16,12,61,68,3,No,Yes,56,80,Completed,Placed,7.26,3
499,25,Male,Delhi,Cloud Computing,Paid,2,6,28,42,0,Yes,No,11,53,Not Completed,Not Placed,0.0,3
500,22,Male,Delhi,Cloud Computing,Paid,18,14,76,67,3,No,Yes,73,81,Completed,Placed,6.2,2
501,26,Female,Hyderabad,AI,Paid,3,15,43,71,1,No,Yes,25,44,Not Completed,Not Placed,0.0,2
502,21,Female,Chennai,Cloud Computing,Paid,30,12,100,100,3,No,Yes,82,92,Completed,Not Placed,0.0,3
503,34,Female,Hyderabad,Web Development,Paid,21,8,89,78,5,Yes,Yes,100,94,Completed,Placed,3.47,4
504,26,Female,Delhi,Web Development,Paid,7,5,39,60,5,Yes,Yes,64,58,Not Completed,Placed,14.49,2
505,18,Male,Chennai,AI,Free,9,13,53,73,4,No,Yes,60,74,Completed,Not Placed,0.0,2
506,30,Male,Chennai,AI,Paid,30,7,100,89,0,Yes,Yes,66,98,Completed,Placed,13.58,3
507,33,Male,Hyderabad,Cloud Computing,Paid,17,10,76,74,2,Yes,Yes,38,85,Completed,Placed,13.73,5
508,30,Female,Delhi,Cyber Security,Free,20,5,87,50,4,Yes,Yes,90,68,Completed,Placed,9.29,3
509,31,Male,Mumbai,AI,Free,2,1,15,36,5,No,Yes,80,45,Not Completed,Placed,4.64,1
510,20,Male,Delhi,Data Science,Paid,4,0,43,25,5,No,Yes,68,42,Not Completed,Placed,9.78,2
511,23,Female,Bangalore,Web Development,Paid,29,4,100,66,0,Yes,Yes,49,60,Completed,Not Placed,0.0,3
512,22,Female,Pune,Data Science,Paid,4,13,27,42,5,Yes,Yes,76,55,Not Completed,Not Placed,0.0,2
513,32,Male,Mumbai,Web Development,Paid,6,8,30,56,5,No,Yes,60,57,Not Completed,Not Placed,0.0,2
514,19,Male,Chennai,Web Development,Free,28,7,100,100,0,No,Yes,68,89,Completed,Placed,7.93,4
515,27,Male,Mumbai,AI,Free,13,13,58,72,5,Yes,Yes,72,57,Completed,Placed,13.06,4
516,30,Male,Chennai,AI,Free,13,12,62,60,2,No,Yes,78,65,Completed,Not Placed,0.0,2
517,22,Male,Chennai,Data Science,Free,21,3,86,53,1,No,Yes,69,76,Completed,Placed,10.74,2
518,18,Male,Mumbai,Web Development,Free,14,4,68,70,4,No,No,79,84,Completed,Placed,13.49,4
519,18,Female,Chennai,Data Science,Paid,21,12,100,90,2,No,Yes,93,88,Completed,Placed,10.18,2
520,32,Female,Chennai,Cyber Security,Paid,10,4,50,44,2,No,No,66,64,Not Completed,Not Placed,0.0,2
521,34,Female,Bangalore,Data Science,Free,8,5,36,40,1,No,Yes,46,50,Not Completed,Placed,11.26,1
522,28,Male,Delhi,Cloud Computing,Free,5,2,14,40,4,No,No,38,41,Not Completed,Placed,11.46,1
523,34,Female,Delhi,Data Science,Paid,20,4,68,74,2,No,Yes,56,60,Completed,Not Placed,0.0,3
524,30,Male,Pune,Cloud Computing,Free,23,15,100,87,5,No,Yes,100,84,Completed,Placed,9.91,4
525,18,Male,Pune,Cloud Computing,Paid,20,1,87,50,1,Yes,Yes,49,59,Completed,Placed,10.13,2
526,19,Female,Bangalore,Cloud Computing,Paid,7,9,27,41,4,No,Yes,55,42,Not Completed,Not Placed,0.0,2
527,26,Male,Pune,Cyber Security,Paid,28,15,100,100,3,No,Yes,73,100,Completed,Placed,7.2,4
528,20,Male,Mumbai,Data Science,Free,14,0,65,41,0,Yes,Yes,50,50,Completed,Placed,12.15,3
529,18,Female,Hyderabad,Data Science,Free,12,10,60,80,5,No,Yes,93,84,Completed,Placed,9.99,3
530,33,Female,Hyderabad,Cyber Security,Paid,14,0,84,42,1,Yes,Yes,71,62,Completed,Placed,4.79,3
531,23,Female,Hyderabad,Web Development,Paid,14,15,79,65,0,Yes,No,43,72,Completed,Placed,13.05,4
532,34,Male,Bangalore,AI,Paid,29,9,100,84,3,Yes,Yes,87,90,Completed,Placed,13.6,5
533,22,Female,Bangalore,Data Science,Free,26,6,100,82,2,No,No,67,87,Completed,Not Placed,0.0,3
534,22,Female,Chennai,AI,Paid,23,1,98,49,2,Yes,Yes,73,76,Completed,Placed,5.51,5
535,23,Male,Hyderabad,Cyber Security,Paid,29,3,100,83,4,No,Yes,97,90,Completed,Placed,14.37,5
536,20,Female,Mumbai,Web Development,Paid,21,4,85,56,1,No,Yes,72,75,Completed,Placed,13.59,5
537,22,Female,Pune,Web Development,Free,16,6,73,75,1,No,Yes,35,78,Completed,Placed,5.93,5
538,22,Female,Mumbai,Web Development,Free,22,1,84,67,4,Yes,Yes,86,73,Completed,Placed,4.15,3
539,27,Male,Pune,Cyber Security,Paid,14,13,52,95,0,No,Yes,54,83,Completed,Placed,8.29,5
540,27,Male,Hyderabad,Cloud Computing,Paid,23,5,86,73,2,No,Yes,72,77,Completed,Not Placed,0.0,3
541,34,Male,Hyderabad,Cloud Computing,Paid,12,0,46,12,2,No,No,55,36,Not Completed,Placed,5.1,2
542,31,Male,Hyderabad,AI,Paid,20,6,80,86,1,No,Yes,54,84,Completed,Placed,9.16,3
543,26,Female,Bangalore,Cloud Computing,Paid,9,8,29,59,1,No,No,53,50,Not Completed,Not Placed,0.0,2
544,31,Male,Pune,Cloud Computing,Paid,21,4,86,76,4,No,No,81,84,Completed,Placed,13.69,5
545,18,Male,Bangalore,Web Development,Paid,9,4,30,35,3,No,No,54,45,Not Completed,Not Placed,0.0,3
546,30,Female,Bangalore,Web Development,Paid,11,3,48,47,0,Yes,Yes,34,33,Not Completed,Not Placed,0.0,3
547,30,Female,Delhi,AI,Paid,27,15,100,100,5,No,Yes,100,100,Completed,Placed,14.46,4
548,21,Female,Mumbai,Data Science,Paid,17,15,78,81,3,No,Yes,89,72,Completed,Not Placed,0.0,2
549,18,Male,Mumbai,AI,Paid,20,2,86,46,3,No,Yes,69,57,Completed,Not Placed,0.0,4
550,34,Male,Chennai,AI,Free,27,8,100,100,1,No,Yes,69,96,Completed,Placed,12.6,5
551,25,Male,Bangalore,Cyber Security,Paid,24,4,80,84,1,No,Yes,63,84,Completed,Not Placed,0.0,4
552,19,Female,Pune,Cyber Security,Free,12,7,65,62,1,No,Yes,45,72,Completed,Placed,12.98,4
553,25,Female,Delhi,AI,Paid,14,8,51,77,3,Yes,Yes,63,59,Completed,Placed,4.15,4
554,24,Male,Delhi,AI,Paid,29,4,100,92,0,Yes,No,78,86,Completed,Placed,4.34,4
555,19,Female,Mumbai,AI,Free,10,9,56,51,1,Yes,Yes,32,57,Completed,Placed,13.82,3
556,20,Female,Bangalore,Cloud Computing,Paid,21,8,96,90,2,No,Yes,70,98,Completed,Placed,9.49,5
557,29,Female,Chennai,Cyber Security,Paid,25,1,95,80,0,No,No,60,84,Completed,Placed,11.63,4
558,18,Male,Bangalore,AI,Free,20,8,71,69,2,No,Yes,60,63,Completed,Placed,5.7,3
559,29,Female,Hyderabad,Web Development,Paid,17,10,58,81,0,No,Yes,72,86,Completed,Not Placed,0.0,5
560,22,Female,Bangalore,Web Development,Paid,8,3,32,39,1,No,No,46,42,Not Completed,Placed,13.02,4
561,34,Male,Hyderabad,Cloud Computing,Paid,20,5,63,72,5,No,Yes,74,70,Completed,Placed,7.3,3
562,33,Male,Hyderabad,Cloud Computing,Paid,13,15,68,81,4,No,Yes,55,62,Completed,Not Placed,0.0,3
563,32,Female,Chennai,Data Science,Free,16,5,78,75,1,No,Yes,62,81,Completed,Placed,3.34,2
564,32,Female,Pune,Data Science,Free,24,5,97,71,3,No,Yes,75,89,Completed,Placed,7.63,5
565,22,Male,Mumbai,Data Science,Paid,15,1,64,55,5,Yes,Yes,98,65,Completed,Not Placed,0.0,3
566,31,Male,Bangalore,Cloud Computing,Paid,12,6,76,76,3,No,Yes,71,91,Completed,Placed,12.86,3
567,19,Female,Hyderabad,Cloud Computing,Paid,27,12,100,96,0,No,Yes,54,84,Completed,Placed,11.39,4
568,28,Female,Bangalore,Cloud Computing,Free,11,5,55,53,3,Yes,Yes,60,64,Completed,Not Placed,0.0,5
569,24,Female,Pune,Web Development,Paid,28,10,100,100,5,No,No,100,100,Completed,Not Placed,0.0,5
570,23,Female,Mumbai,Cloud Computing,Free,12,13,52,76,5,No,Yes,84,56,Completed,Placed,9.46,3
571,19,Male,Pune,Web Development,Free,7,0,47,19,1,No,No,64,48,Not Completed,Placed,11.91,4
572,23,Female,Mumbai,Data Science,Paid,3,1,22,20,2,Yes,Yes,42,36,Not Completed,Not Placed,0.0,2
573,19,Female,Delhi,Data Science,Paid,12,6,48,62,1,No,No,55,46,Not Completed,Placed,5.78,1
574,32,Male,Mumbai,Data Science,Paid,20,0,86,64,0,No,Yes,63,86,Completed,Placed,14.4,5
575,19,Female,Chennai,AI,Paid,7,14,36,63,3,Yes,Yes,65,62,Not Completed,Placed,3.33,4
576,23,Male,Pune,AI,Paid,15,0,66,71,2,No,Yes,57,79,Completed,Placed,4.67,4
577,18,Female,Hyderabad,Cyber Security,Paid,21,0,79,55,4,Yes,No,88,59,Completed,Not Placed,0.0,3
578,32,Female,Delhi,Cyber Security,Paid,7,7,40,47,5,Yes,Yes,75,52,Not Completed,Not Placed,0.0,1
579,27,Male,Chennai,Cyber Security,Paid,18,3,67,42,2,Yes,Yes,61,68,Completed,Not Placed,0.0,3
580,34,Male,Bangalore,AI,Paid,11,3,46,59,2,Yes,Yes,46,44,Not Completed,Placed,7.26,2
581,22,Female,Pune,AI,Paid,29,12,98,94,1,No,No,45,82,Completed,Not Placed,0.0,4
582,21,Female,Hyderabad,Cyber Security,Free,2,1,34,36,4,Yes,Yes,78,53,Not Completed,Not Placed,0.0,2
583,27,Female,Mumbai,Cyber Security,Paid,4,10,33,57,5,No,Yes,77,42,Not Completed,Placed,12.98,2
584,34,Male,Hyderabad,Cloud Computing,Free,9,10,56,81,0,No,Yes,28,54,Completed,Not Placed,0.0,3
585,27,Female,Bangalore,Cyber Security,Paid,9,10,57,64,0,No,Yes,49,73,Completed,Not Placed,0.0,3
586,34,Male,Delhi,Cloud Computing,Paid,28,15,99,100,2,No,No,88,97,Completed,Placed,7.49,5
587,22,Male,Delhi,Web Development,Free,21,0,91,66,2,No,No,80,89,Completed,Placed,5.19,5
588,19,Female,Pune,AI,Free,23,11,88,80,3,No,Yes,70,83,Completed,Placed,3.87,4
589,23,Male,Delhi,Cyber Security,Paid,16,9,66,73,4,Yes,Yes,71,92,Completed,Not Placed,0.0,4
590,19,Female,Pune,AI,Paid,25,8,100,83,5,No,No,94,95,Completed,Placed,9.4,5
591,30,Female,Pune,AI,Free,8,6,49,47,2,No,Yes,64,66,Not Completed,Not Placed,0.0,4
592,28,Female,Pune,AI,Paid,12,3,52,41,3,No,No,69,53,Completed,Placed,12.29,2
593,28,Female,Mumbai,Web Development,Paid,8,11,48,61,4,Yes,Yes,99,70,Not Completed,Placed,3.52,4
594,33,Female,Chennai,Data Science,Paid,30,5,97,98,5,No,Yes,82,99,Completed,Placed,8.14,5
595,28,Male,Pune,Cyber Security,Paid,5,13,37,39,0,No,Yes,34,49,Not Completed,Not Placed,0.0,2
596,32,Male,Pune,Data Science,Paid,26,15,83,95,3,No,Yes,57,83,Completed,Not Placed,0.0,4
597,33,Female,Chennai,Data Science,Free,13,1,49,49,4,No,No,77,59,Not Completed,Placed,8.21,3
598,28,Female,Hyderabad,Data Science,Paid,27,6,100,62,3,Yes,Yes,94,87,Completed,Placed,8.98,5
599,33,Male,Pune,AI,Paid,7,1,14,53,2,No,No,56,50,Not Completed,Not Placed,0.0,3
600,25,Male,Mumbai,Cloud Computing,Free,15,9,83,60,1,Yes,Yes,63,63,Completed,Placed,12.66,1
601,21,Male,Delhi,AI,Free,13,7,67,50,0,Yes,No,27,57,Completed,Not Placed,0.0,5
602,25,Male,Delhi,AI,Free,12,7,37,55,2,No,Yes,50,55,Not Completed,Placed,13.62,2
603,21,Female,Bangalore,Data Science,Paid,20,0,100,61,2,Yes,No,80,72,Completed,Placed,11.14,5
604,20,Female,Bangalore,AI,Paid,22,12,100,80,4,Yes,Yes,81,95,Completed,Placed,12.83,5
605,20,Male,Delhi,Data Science,Paid,6,7,36,55,3,Yes,No,55,57,Not Completed,Not Placed,0.0,3
606,22,Female,Delhi,Cloud Computing,Paid,15,1,55,55,0,No,Yes,29,72,Completed,Placed,9.3,4
607,27,Male,Mumbai,Cyber Security,Paid,22,5,100,65,2,No,Yes,69,79,Completed,Placed,11.69,5
608,23,Female,Chennai,Data Science,Free,25,12,91,88,4,No,No,97,100,Completed,Placed,3.24,5
609,18,Male,Bangalore,Cloud Computing,Free,17,0,72,38,0,No,Yes,55,62,Completed,Not Placed,0.0,2
610,22,Female,Chennai,Cyber Security,Paid,26,4,100,67,3,Yes,Yes,70,96,Completed,Placed,14.21,4
611,26,Male,Mumbai,Web Development,Free,14,10,60,71,2,No,Yes,52,59,Completed,Placed,11.57,3
612,29,Male,Delhi,Data Science,Paid,26,6,95,75,5,No,Yes,98,84,Completed,Placed,3.44,4
613,31,Female,Pune,Data Science,Paid,30,12,97,100,2,Yes,Yes,77,87,Completed,Placed,7.53,5
614,19,Male,Chennai,Web Development,Free,23,9,82,84,2,Yes,Yes,62,79,Completed,Placed,12.71,5
615,34,Female,Delhi,Web Development,Paid,23,0,86,52,0,Yes,Yes,59,59,Completed,Not Placed,0.0,4
616,31,Female,Delhi,Data Science,Paid,26,14,85,88,0,No,Yes,53,69,Completed,Not Placed,0.0,3
617,30,Male,Hyderabad,Web Development,Paid,21,1,71,74,0,No,Yes,22,48,Completed,Not Placed,0.0,3
618,26,Female,Chennai,AI,Free,23,6,89,77,0,No,No,49,59,Completed,Placed,13.37,4
619,32,Female,Pune,Cyber Security,Paid,5,5,16,49,4,Yes,Yes,52,50,Not Completed,Placed,4.48,2
620,32,Female,Chennai,Cyber Security,Free,12,2,47,44,1,Yes,Yes,53,48,Not Completed,Placed,13.15,3
621,28,Female,Delhi,Cyber Security,Paid,18,13,93,76,4,No,Yes,96,77,Completed,Placed,6.89,5
622,33,Female,Pune,AI,Free,8,9,40,65,2,No,Yes,35,49,Not Completed,Not Placed,0.0,3
623,34,Male,Mumbai,Web Development,Paid,15,1,60,43,4,Yes,Yes,80,56,Completed,Placed,9.47,3
624,21,Female,Hyderabad,Cloud Computing,Paid,27,9,97,96,3,Yes,Yes,82,86,Completed,Placed,10.96,5
625,18,Female,Delhi,Web Development,Paid,12,3,52,47,5,Yes,Yes,82,73,Completed,Placed,11.89,4
626,25,Female,Bangalore,Data Science,Free,29,2,100,90,0,Yes,Yes,53,97,Completed,Placed,8.29,4
627,34,Female,Bangalore,Cyber Security,Free,23,6,94,96,3,Yes,Yes,80,100,Completed,Placed,13.66,4
628,20,Female,Hyderabad,Web Development,Free,10,7,46,50,5,No,No,89,63,Not Completed,Not Placed,0.0,3
629,32,Male,Mumbai,Cloud Computing,Free,24,1,89,64,3,No,Yes,80,80,Completed,Not Placed,0.0,4
630,32,Female,Delhi,Data Science,Free,14,9,75,72,2,No,Yes,65,69,Completed,Not Placed,0.0,4
631,31,Male,Chennai,AI,Paid,24,6,76,69,0,No,Yes,45,62,Completed,Not Placed,0.0,5
632,31,Male,Hyderabad,AI,Free,19,7,76,88,3,Yes,No,84,84,Completed,Placed,8.91,3
633,19,Male,Mumbai,Cloud Computing,Free,29,5,100,100,2,Yes,No,63,97,Completed,Placed,13.78,4
634,30,Male,Chennai,Data Science,Paid,12,5,48,44,0,No,No,31,57,Not Completed,Not Placed,0.0,3
635,31,Female,Bangalore,Cyber Security,Free,16,9,66,54,1,No,Yes,41,55,Completed,Placed,14.79,2
636,24,Male,Bangalore,Web Development,Free,26,0,88,60,2,Yes,Yes,73,64,Completed,Not Placed,0.0,3
637,20,Male,Chennai,Data Science,Free,27,3,100,68,4,No,Yes,100,93,Completed,Not Placed,0.0,4
638,32,Female,Hyderabad,AI,Paid,26,13,84,100,0,No,No,50,70,Completed,Not Placed,0.0,2
639,31,Female,Bangalore,Cloud Computing,Free,23,0,99,81,3,Yes,No,72,86,Completed,Placed,10.04,5
640,28,Female,Delhi,Cloud Computing,Paid,30,3,100,93,5,Yes,Yes,100,97,Completed,Placed,11.65,5
641,32,Male,Pune,Web Development,Paid,20,1,75,59,3,No,Yes,78,68,Completed,Placed,8.06,5
642,30,Female,Chennai,Cloud Computing,Free,2,10,15,47,4,No,Yes,60,32,Not Completed,Placed,13.14,2
643,23,Female,Chennai,Cloud Computing,Paid,5,12,45,45,4,Yes,Yes,68,52,Not Completed,Not Placed,0.0,4
644,20,Male,Bangalore,Data Science,Free,15,4,58,68,3,Yes,Yes,73,82,Completed,Placed,12.26,3
645,32,Female,Hyderabad,Cyber Security,Free,15,9,53,72,5,No,Yes,83,76,Completed,Not Placed,0.0,3
646,22,Female,Delhi,Web Development,Paid,4,13,42,61,0,Yes,Yes,31,62,Not Completed,Not Placed,0.0,5
647,27,Female,Hyderabad,Data Science,Paid,29,8,97,86,2,No,Yes,71,77,Completed,Placed,3.67,3
648,24,Female,Mumbai,Cyber Security,Paid,18,10,73,74,4,No,Yes,71,77,Completed,Placed,12.61,3
649,34,Male,Mumbai,Data Science,Free,4,14,40,63,4,Yes,Yes,56,59,Not Completed,Not Placed,0.0,2
650,24,Female,Pune,Data Science,Paid,17,11,72,90,4,Yes,Yes,77,83,Completed,Placed,9.98,5
651,29,Female,Bangalore,Cloud Computing,Paid,15,9,82,61,5,No,Yes,100,83,Completed,Placed,8.32,4
652,34,Male,Bangalore,Cyber Security,Free,21,2,74,73,1,Yes,No,47,71,Completed,Not Placed,0.0,4
653,30,Female,Bangalore,Web Development,Free,30,7,100,86,5,Yes,No,100,84,Completed,Placed,3.48,4
654,21,Male,Pune,Web Development,Free,14,2,60,73,0,No,Yes,36,69,Completed,Not Placed,0.0,3
655,27,Female,Mumbai,Cyber Security,Free,16,5,74,57,0,Yes,Yes,31,67,Completed,Placed,10.29,3
656,20,Male,Hyderabad,Cloud Computing,Paid,15,15,77,86,0,No,Yes,56,89,Completed,Not Placed,0.0,5
657,26,Male,Pune,AI,Paid,25,3,95,77,0,Yes,Yes,74,95,Completed,Placed,14.33,4
658,30,Male,Pune,Data Science,Paid,26,7,96,100,0,No,No,49,92,Completed,Not Placed,0.0,5
659,32,Male,Hyderabad,Cloud Computing,Free,20,10,65,82,3,Yes,No,54,63,Completed,Not Placed,0.0,5
660,21,Female,Bangalore,Cyber Security,Paid,7,5,42,38,4,No,Yes,73,40,Not Completed,Not Placed,0.0,2
661,32,Male,Delhi,Data Science,Free,11,7,46,62,5,No,No,69,60,Not Completed,Placed,12.3,4
662,19,Female,Hyderabad,Web Development,Free,28,0,100,82,3,Yes,No,89,97,Completed,Placed,7.86,3
663,32,Male,Mumbai,AI,Free,16,5,63,60,5,No,No,96,78,Completed,Placed,14.41,2
664,25,Male,Chennai,Web Development,Free,22,0,83,53,1,No,Yes,64,71,Completed,Not Placed,0.0,4
665,25,Male,Chennai,Cyber Security,Paid,23,0,74,60,2,No,Yes,73,70,Completed,Not Placed,0.0,3
666,34,Female,Pune,Data Science,Paid,21,7,64,84,4,No,Yes,85,95,Completed,Placed,5.07,5
667,29,Male,Chennai,Cyber Security,Paid,27,15,100,86,1,No,Yes,77,94,Completed,Not Placed,0.0,4
668,27,Female,Delhi,Data Science,Free,7,14,42,59,3,Yes,Yes,61,57,Not Completed,Placed,7.02,3
669,26,Female,Bangalore,Cloud Computing,Free,24,6,96,89,2,No,No,82,85,Completed,Not Placed,0.0,4
670,22,Female,Mumbai,AI,Free,26,2,88,75,1,Yes,Yes,64,71,Completed,Placed,12.42,4
671,23,Female,Delhi,Cloud Computing,Paid,11,5,61,73,5,No,No,88,66,Completed,Not Placed,0.0,3
672,19,Female,Mumbai,Cloud Computing,Paid,8,14,50,46,2,No,Yes,86,52,Not Completed,Not Placed,0.0,1
673,30,Female,Mumbai,Cyber Security,Paid,23,8,80,72,5,Yes,Yes,94,83,Completed,Placed,5.24,4
674,23,Female,Bangalore,AI,Free,18,6,63,44,1,Yes,No,38,53,Completed,Not Placed,0.0,4
675,22,Female,Pune,Data Science,Paid,19,11,69,99,3,No,Yes,69,81,Completed,Placed,9.61,3
676,18,Female,Chennai,Data Science,Paid,18,2,73,50,5,No,Yes,86,74,Completed,Placed,5.48,3
677,23,Male,Bangalore,Web Development,Paid,10,13,51,46,2,No,No,53,68,Completed,Placed,7.08,4
678,23,Male,Delhi,Data Science,Paid,11,13,53,61,1,Yes,No,58,55,Completed,Placed,10.16,2
679,33,Male,Pune,Cyber Security,Paid,11,12,65,52,5,No,Yes,97,64,Completed,Not Placed,0.0,4
680,21,Male,Delhi,Cloud Computing,Paid,26,5,90,75,3,Yes,No,78,64,Completed,Not Placed,0.0,2
681,28,Male,Pune,Cloud Computing,Free,8,10,33,56,4,Yes,Yes,51,52,Not Completed,Not Placed,0.0,2
682,26,Female,Delhi,Cloud Computing,Paid,17,3,71,68,3,Yes,No,73,72,Completed,Placed,11.83,5
683,20,Female,Bangalore,AI,Free,30,13,93,100,3,Yes,No,75,100,Completed,Placed,12.31,4
684,25,Female,Pune,Data Science,Paid,19,12,83,82,4,No,Yes,87,84,Completed,Placed,12.71,5
685,22,Female,Pune,Cyber Security,Paid,7,2,41,32,3,No,Yes,59,42,Not Completed,Placed,9.85,2
686,21,Female,Mumbai,AI,Paid,28,8,100,76,4,No,Yes,100,91,Completed,Placed,3.13,5
687,23,Female,Mumbai,Web Development,Paid,21,9,79,61,4,Yes,Yes,86,79,Completed,Not Placed,0.0,3
688,19,Female,Hyderabad,Cyber Security,Paid,2,1,35,22,5,No,No,68,29,Not Completed,Not Placed,0.0,2
689,28,Male,Delhi,Cyber Security,Paid,2,0,34,24,5,No,Yes,59,49,Not Completed,Placed,4.4,2
690,21,Male,Mumbai,Cyber Security,Paid,13,14,56,69,4,Yes,No,73,79,Completed,Placed,10.27,3
691,32,Male,Hyderabad,Cloud Computing,Paid,22,13,91,71,1,No,No,63,82,Completed,Placed,14.8,5
692,23,Male,Mumbai,Cyber Security,Paid,29,15,100,100,2,No,No,73,87,Completed,Not Placed,0.0,4
693,34,Female,Delhi,Data Science,Paid,3,1,32,44,1,No,No,48,44,Not Completed,Not Placed,0.0,1
694,23,Female,Pune,Cyber Security,Paid,5,6,32,40,4,No,Yes,50,55,Not Completed,Placed,6.64,2
695,19,Female,Chennai,Cloud Computing,Paid,18,9,77,68,2,No,Yes,59,64,Completed,Not Placed,0.0,4
696,32,Male,Delhi,Cyber Security,Paid,5,0,24,29,5,Yes,Yes,70,47,Not Completed,Not Placed,0.0,3
697,28,Female,Bangalore,Web Development,Paid,12,5,56,42,2,No,Yes,52,53,Completed,Not Placed,0.0,2
698,25,Female,Mumbai,Web Development,Free,23,13,86,80,4,Yes,Yes,82,85,Completed,Placed,6.15,3
699,30,Female,Mumbai,Cloud Computing,Free,27,6,97,90,5,No,Yes,98,88,Completed,Placed,8.19,3
700,29,Male,Pune,Data Science,Paid,5,8,17,55,2,No,Yes,49,49,Not Completed,Not Placed,0.0,2
701,22,Female,Bangalore,Data Science,Free,2,14,15,50,2,No,No,40,44,Not Completed,Not Placed,0.0,2
702,23,Male,Pune,AI,Paid,8,13,39,42,1,No,No,23,31,Not Completed,Not Placed,0.0,2
703,21,Male,Bangalore,Cloud Computing,Paid,19,7,85,75,2,No,Yes,63,78,Completed,Not Placed,0.0,4
704,18,Male,Chennai,Cyber Security,Paid,10,5,52,70,4,Yes,Yes,77,73,Completed,Placed,11.71,3
705,34,Male,Mumbai,Cloud Computing,Paid,30,2,100,81,0,No,Yes,67,82,Completed,Not Placed,0.0,4
706,29,Female,Mumbai,AI,Paid,4,7,44,40,0,No,Yes,45,28,Not Completed,Not Placed,0.0,2
707,32,Male,Chennai,Cloud Computing,Paid,9,6,50,41,0,No,No,51,50,Not Completed,Placed,8.32,2
708,18,Male,Hyderabad,Cloud Computing,Paid,30,2,100,88,4,No,Yes,93,100,Completed,Placed,3.7,5
709,31,Female,Pune,AI,Free,25,8,85,79,0,Yes,No,56,75,Completed,Not Placed,0.0,4
710,23,Female,Chennai,Data Science,Paid,20,11,99,92,1,Yes,Yes,57,99,Completed,Placed,3.99,5
711,22,Male,Pune,Cyber Security,Free,5,1,20,25,4,No,Yes,38,27,Not Completed,Not Placed,0.0,1
712,28,Female,Delhi,AI,Paid,19,2,78,65,5,No,Yes,77,65,Completed,Placed,10.58,2
713,21,Male,Mumbai,Web Development,Paid,21,1,91,63,4,Yes,Yes,81,78,Completed,Placed,9.68,4
714,30,Male,Pune,Data Science,Free,28,12,100,100,4,No,Yes,78,89,Completed,Placed,4.6,4
715,28,Male,Bangalore,Web Development,Paid,12,0,44,48,2,No,No,50,55,Not Completed,Not Placed,0.0,3
716,20,Male,Pune,Data Science,Paid,28,3,99,95,2,Yes,No,70,88,Completed,Placed,8.91,4
717,18,Female,Delhi,Cyber Security,Free,15,4,57,59,2,No,Yes,68,76,Completed,Not Placed,0.0,5
718,23,Male,Mumbai,Cyber Security,Paid,26,12,78,94,3,No,No,65,80,Completed,Placed,5.2,3
719,27,Female,Chennai,Cloud Computing,Free,19,5,78,67,1,No,Yes,60,72,Completed,Not Placed,0.0,1
720,22,Female,Delhi,Web Development,Free,29,4,99,78,4,No,No,87,93,Completed,Placed,7.14,5
721,27,Female,Mumbai,Data Science,Paid,29,0,100,83,4,No,Yes,81,97,Completed,Placed,8.79,4
722,29,Female,Pune,Cyber Security,Paid,30,2,100,77,2,No,No,68,96,Completed,Placed,5.21,5
723,19,Male,Hyderabad,AI,Paid,17,0,71,55,4,Yes,Yes,59,63,Completed,Placed,8.91,2
724,30,Female,Hyderabad,Cyber Security,Paid,4,10,27,56,5,Yes,Yes,78,52,Not Completed,Placed,7.06,5
725,25,Male,Bangalore,AI,Paid,16,4,69,75,4,No,Yes,93,63,Completed,Not Placed,0.0,3
726,19,Female,Mumbai,Data Science,Paid,28,4,100,85,0,No,Yes,57,100,Completed,Placed,7.17,4
727,18,Female,Hyderabad,Cyber Security,Free,28,15,100,100,5,Yes,Yes,100,100,Completed,Placed,10.54,5
728,22,Male,Chennai,Cyber Security,Free,5,11,54,59,5,No,Yes,78,71,Not Completed,Placed,3.51,4
729,26,Male,Mumbai,Data Science,Free,6,10,27,48,4,Yes,No,54,52,Not Completed,Placed,5.05,4
730,34,Male,Chennai,Cyber Security,Free,18,12,72,100,3,No,No,79,87,Completed,Placed,8.19,4
731,26,Female,Chennai,AI,Paid,8,5,51,40,2,Yes,No,59,55,Not Completed,Placed,7.28,3
732,28,Female,Hyderabad,Cyber Security,Free,17,7,66,68,1,No,No,25,57,Completed,Not Placed,0.0,2
733,32,Male,Mumbai,Web Development,Free,15,9,80,82,1,No,No,49,74,Completed,Placed,12.65,3
734,23,Male,Pune,Cloud Computing,Free,27,15,100,100,0,Yes,Yes,39,80,Completed,Not Placed,0.0,4
735,20,Male,Delhi,AI,Paid,17,11,63,76,1,No,Yes,68,85,Completed,Placed,5.98,4
736,34,Male,Hyderabad,Web Development,Paid,8,0,46,45,1,No,No,44,55,Not Completed,Placed,13.04,5
737,22,Female,Hyderabad,Data Science,Paid,10,3,42,43,2,Yes,No,55,66,Not Completed,Placed,8.51,4
738,29,Male,Pune,AI,Paid,5,9,27,43,2,Yes,Yes,43,62,Not Completed,Not Placed,0.0,5
739,31,Male,Mumbai,Cloud Computing,Paid,23,15,87,83,3,Yes,Yes,89,75,Completed,Placed,14.83,2
740,28,Male,Mumbai,Cloud Computing,Paid,12,10,68,71,0,Yes,Yes,55,77,Completed,Not Placed,0.0,5
741,26,Male,Chennai,Data Science,Free,3,0,36,34,1,No,No,40,31,Not Completed,Not Placed,0.0,1
742,19,Female,Pune,Data Science,Paid,13,8,58,56,3,No,Yes,84,68,Completed,Not Placed,0.0,2
743,29,Male,Pune,AI,Paid,13,10,66,68,0,No,No,48,69,Completed,Not Placed,0.0,2
744,20,Female,Mumbai,Cyber Security,Paid,5,6,37,68,5,No,No,60,50,Not Completed,Placed,9.04,3
745,20,Male,Chennai,Data Science,Paid,19,6,65,81,1,Yes,Yes,55,66,Completed,Placed,10.66,3
746,18,Male,Hyderabad,Cyber Security,Paid,27,11,99,86,1,Yes,Yes,72,91,Completed,Placed,5.05,5
747,25,Female,Bangalore,Web Development,Paid,22,4,85,82,2,No,Yes,68,83,Completed,Placed,13.33,4
748,25,Male,Delhi,Cloud Computing,Paid,8,6,51,39,4,Yes,Yes,68,46,Not Completed,Placed,9.38,4
749,28,Female,Hyderabad,Cyber Security,Free,30,11,100,73,0,Yes,Yes,77,79,Completed,Not Placed,0.0,3
750,26,Female,Mumbai,Cloud Computing,Paid,2,14,16,51,1,No,No,22,27,Not Completed,Not Placed,0.0,3
751,22,Male,Delhi,Cyber Security,Paid,27,1,100,91,0,Yes,Yes,32,73,Completed,Placed,10.62,4
752,31,Female,Bangalore,Web Development,Paid,27,13,94,100,3,No,Yes,97,94,Completed,Placed,3.51,5
753,20,Female,Bangalore,Data Science,Paid,24,12,88,95,3,Yes,Yes,66,95,Completed,Placed,15.0,5
754,22,Female,Chennai,Web Development,Free,27,3,100,74,4,No,No,89,96,Completed,Placed,7.37,4
755,22,Female,Delhi,Data Science,Paid,14,13,58,78,1,No,Yes,47,82,Completed,Placed,3.74,4
756,31,Female,Chennai,Data Science,Free,7,13,50,57,2,No,No,68,64,Not Completed,Not Placed,0.0,2
757,21,Female,Hyderabad,Cloud Computing,Paid,7,15,55,58,1,Yes,Yes,64,64,Not Completed,Placed,14.92,4
758,30,Female,Pune,Web Development,Paid,13,6,67,68,0,No,Yes,33,67,Completed,Placed,12.8,3
759,27,Female,Pune,Cyber Security,Paid,9,15,29,62,5,No,Yes,85,64,Not Completed,Placed,13.22,4
760,25,Male,Pune,Web Development,Free,25,2,88,85,3,No,Yes,92,75,Completed,Placed,10.51,2
761,25,Male,Delhi,Cloud Computing,Paid,23,1,87,62,0,No,Yes,54,86,Completed,Placed,14.07,4
762,24,Female,Pune,Data Science,Free,20,9,61,98,4,No,Yes,85,69,Completed,Placed,3.43,2
763,25,Male,Hyderabad,Cloud Computing,Paid,6,1,29,17,3,Yes,Yes,65,47,Not Completed,Placed,12.2,1
764,31,Female,Chennai,AI,Paid,19,12,75,72,2,No,Yes,63,74,Completed,Placed,11.05,4
765,23,Female,Delhi,AI,Paid,6,0,33,30,3,No,Yes,55,34,Not Completed,Not Placed,0.0,3
766,18,Male,Chennai,Cyber Security,Paid,26,4,98,60,5,No,No,100,87,Completed,Placed,9.53,2
767,32,Female,Delhi,Cloud Computing,Paid,11,11,39,38,1,Yes,Yes,27,41,Not Completed,Placed,9.18,4
768,18,Female,Chennai,Cyber Security,Free,2,5,21,14,5,No,Yes,64,29,Not Completed,Not Placed,0.0,3
769,34,Female,Bangalore,Cyber Security,Free,11,5,54,49,5,No,No,69,48,Completed,Placed,3.93,1
770,18,Female,Chennai,AI,Paid,6,15,38,59,1,Yes,No,57,44,Not Completed,Not Placed,0.0,3
771,32,Male,Pune,Cyber Security,Paid,13,8,63,65,3,Yes,No,65,63,Completed,Placed,4.67,3
772,19,Female,Bangalore,AI,Paid,23,3,92,70,4,Yes,Yes,91,80,Completed,Placed,8.02,4
773,31,Female,Chennai,Data Science,Free,28,0,99,78,1,No,No,65,74,Completed,Not Placed,0.0,4
774,25,Female,Delhi,Cloud Computing,Paid,8,5,45,41,1,Yes,Yes,43,48,Not Completed,Placed,9.73,3
775,25,Male,Delhi,Cyber Security,Paid,10,14,42,75,2,No,Yes,54,54,Not Completed,Not Placed,0.0,2
776,24,Female,Delhi,AI,Paid,23,4,86,79,3,No,No,71,84,Completed,Not Placed,0.0,4
777,23,Male,Mumbai,Web Development,Free,22,9,75,78,1,No,Yes,56,84,Completed,Not Placed,0.0,4
778,23,Male,Hyderabad,Cyber Security,Free,13,5,69,61,4,No,Yes,77,72,Completed,Placed,14.84,5
779,20,Female,Delhi,Data Science,Paid,24,2,89,70,0,Yes,Yes,51,74,Completed,Placed,13.94,2
780,24,Female,Bangalore,Data Science,Paid,30,1,100,66,3,Yes,No,87,79,Completed,Placed,11.61,4
781,25,Male,Delhi,Web Development,Free,2,5,29,43,2,No,Yes,43,56,Not Completed,Placed,4.26,4
782,27,Female,Mumbai,AI,Paid,12,12,47,58,5,Yes,Yes,94,64,Not Completed,Placed,5.87,4
783,32,Male,Pune,Cyber Security,Paid,22,0,88,72,1,Yes,Yes,69,98,Completed,Not Placed,0.0,5
784,32,Male,Bangalore,AI,Paid,16,6,76,67,4,No,Yes,68,63,Completed,Placed,7.27,3
785,18,Female,Mumbai,Data Science,Paid,3,6,28,37,3,No,No,60,47,Not Completed,Not Placed,0.0,1
786,24,Female,Pune,AI,Free,21,9,83,61,4,No,Yes,78,86,Completed,Placed,5.93,4
787,21,Male,Bangalore,Data Science,Free,8,12,38,75,4,Yes,Yes,68,59,Not Completed,Not Placed,0.0,2
788,23,Male,Chennai,AI,Paid,22,6,86,72,5,No,No,87,80,Completed,Placed,6.82,5
789,18,Male,Hyderabad,Web Development,Paid,13,14,61,80,2,Yes,Yes,38,72,Completed,Placed,11.13,3
790,22,Male,Hyderabad,Cloud Computing,Free,23,11,83,86,3,No,Yes,76,87,Completed,Not Placed,0.0,5
791,18,Female,Mumbai,Web Development,Free,19,10,66,75,1,No,No,40,72,Completed,Not Placed,0.0,5
792,21,Female,Pune,Web Development,Paid,4,9,44,47,2,No,Yes,57,62,Not Completed,Not Placed,0.0,2
793,19,Female,Hyderabad,Cloud Computing,Free,8,0,50,36,1,Yes,Yes,49,46,Not Completed,Not Placed,0.0,1
794,27,Female,Pune,Cloud Computing,Free,12,14,50,69,0,No,No,33,70,Not Completed,Placed,6.97,4
795,22,Female,Pune,Cyber Security,Free,19,3,79,63,4,Yes,No,100,65,Completed,Placed,3.18,4
796,27,Male,Mumbai,Cyber Security,Free,13,12,44,74,0,Yes,No,25,66,Not Completed,Placed,3.66,3
797,18,Female,Mumbai,Web Development,Paid,7,6,21,50,4,No,No,54,56,Not Completed,Not Placed,0.0,2
798,23,Female,Mumbai,Web Development,Paid,6,15,48,62,5,Yes,No,67,56,Not Completed,Placed,11.27,3
799,30,Female,Hyderabad,Data Science,Paid,27,10,100,100,2,No,No,96,87,Completed,Placed,13.88,4
800,32,Female,Mumbai,Data Science,Free,2,8,25,35,1,No,No,51,39,Not Completed,Not Placed,0.0,2
801,21,Female,Hyderabad,Cyber Security,Free,13,4,61,76,5,No,Yes,70,75,Completed,Placed,3.31,3
802,30,Male,Mumbai,Cyber Security,Paid,28,12,100,100,1,No,Yes,59,89,Completed,Placed,14.88,5
803,32,Male,Delhi,Data Science,Paid,27,1,100,83,2,No,No,68,90,Completed,Placed,6.87,5
804,25,Male,Pune,Data Science,Paid,12,6,45,36,3,No,Yes,56,64,Not Completed,Not Placed,0.0,2
805,22,Female,Mumbai,AI,Free,5,9,18,54,0,Yes,Yes,16,29,Not Completed,Placed,5.16,3
806,32,Male,Bangalore,AI,Paid,28,0,100,72,0,No,Yes,53,63,Completed,Placed,3.75,3
807,21,Male,Pune,Data Science,Free,19,15,85,78,1,No,Yes,72,80,Completed,Placed,7.54,5
808,29,Female,Pune,AI,Paid,5,6,40,38,1,No,Yes,63,44,Not Completed,Not Placed,0.0,1
809,30,Female,Mumbai,Cloud Computing,Paid,18,5,65,57,1,No,No,38,56,Completed,Placed,5.65,3
810,19,Female,Chennai,Cyber Security,Paid,3,6,32,43,2,No,No,38,54,Not Completed,Not Placed,0.0,1
811,21,Male,Mumbai,Cyber Security,Free,30,15,100,100,3,Yes,No,86,96,Completed,Not Placed,0.0,4
812,21,Male,Pune,Data Science,Paid,25,13,100,100,0,Yes,No,44,88,Completed,Not Placed,0.0,5
813,28,Female,Bangalore,Web Development,Paid,23,12,98,100,5,No,Yes,100,95,Completed,Placed,3.15,4
814,22,Female,Pune,Data Science,Free,3,9,23,28,4,No,Yes,66,40,Not Completed,Not Placed,0.0,2
815,28,Male,Bangalore,AI,Free,13,2,70,44,2,No,Yes,71,64,Completed,Not Placed,0.0,5
816,27,Male,Hyderabad,Web Development,Free,7,14,42,52,0,No,Yes,41,73,Not Completed,Not Placed,0.0,4
817,25,Female,Delhi,AI,Paid,11,2,57,58,3,Yes,Yes,61,64,Completed,Not Placed,0.0,4
818,23,Female,Pune,Cloud Computing,Free,26,6,84,81,2,No,Yes,67,90,Completed,Not Placed,0.0,4
819,23,Male,Mumbai,AI,Paid,24,12,94,93,5,No,Yes,85,93,Completed,Placed,9.18,5
820,25,Female,Hyderabad,Cloud Computing,Paid,26,1,91,80,0,No,Yes,61,65,Completed,Not Placed,0.0,2
821,32,Male,Delhi,Cloud Computing,Paid,22,0,90,49,2,No,No,88,69,Completed,Placed,8.59,4
822,31,Male,Mumbai,AI,Paid,24,8,100,77,0,No,Yes,64,85,Completed,Placed,11.42,5
823,28,Male,Chennai,AI,Paid,28,8,100,100,0,No,Yes,53,96,Completed,Not Placed,0.0,5
824,29,Male,Mumbai,Cloud Computing,Free,17,6,61,60,3,No,Yes,78,69,Completed,Placed,8.28,3
825,30,Female,Bangalore,Web Development,Free,15,6,71,44,4,No,Yes,100,76,Completed,Placed,4.71,5
826,25,Female,Bangalore,Cloud Computing,Free,8,2,48,30,3,No,Yes,65,37,Not Completed,Not Placed,0.0,3
827,18,Male,Chennai,Cyber Security,Paid,29,9,100,93,0,No,Yes,65,90,Completed,Not Placed,0.0,5
828,32,Male,Hyderabad,Cloud Computing,Free,29,15,100,100,2,No,Yes,82,100,Completed,Placed,10.66,5
829,25,Male,Delhi,Web Development,Free,20,14,74,87,5,No,No,73,73,Completed,Not Placed,0.0,5
830,28,Male,Mumbai,Cyber Security,Paid,24,1,99,63,3,No,Yes,79,89,Completed,Placed,5.75,5
831,29,Male,Bangalore,Data Science,Paid,18,10,72,85,4,No,No,75,89,Completed,Placed,10.74,5
832,29,Female,Hyderabad,Data Science,Free,10,6,50,50,0,Yes,No,48,44,Not Completed,Placed,7.02,1
833,21,Female,Chennai,Web Development,Free,27,8,91,92,5,No,Yes,100,96,Completed,Placed,14.03,4
834,33,Female,Pune,Cloud Computing,Free,14,0,60,42,3,No,No,66,59,Completed,Placed,10.84,3
835,21,Female,Bangalore,AI,Paid,23,12,89,100,3,No,Yes,73,89,Completed,Placed,6.34,3
836,22,Male,Chennai,Web Development,Paid,6,13,36,54,3,No,Yes,41,38,Not Completed,Not Placed,0.0,2
837,22,Male,Mumbai,Cyber Security,Free,24,3,86,74,3,Yes,Yes,78,78,Completed,Placed,13.16,3
838,25,Male,Delhi,Cyber Security,Free,6,15,40,72,5,Yes,No,66,62,Not Completed,Not Placed,0.0,2
839,27,Male,Bangalore,Data Science,Free,11,5,43,54,2,Yes,Yes,42,39,Not Completed,Not Placed,0.0,4
840,34,Male,Bangalore,Cyber Security,Free,22,6,74,78,4,No,No,90,70,Completed,Placed,11.16,3
841,26,Female,Mumbai,Web Development,Paid,28,9,100,74,4,No,No,100,82,Completed,Not Placed,0.0,4
842,31,Male,Pune,Cyber Security,Paid,11,6,59,60,0,No,No,38,50,Completed,Not Placed,0.0,3
843,25,Female,Hyderabad,Web Development,Paid,28,9,90,94,1,No,Yes,48,86,Completed,Placed,9.78,3
844,26,Female,Delhi,AI,Paid,8,1,25,43,2,No,No,37,49,Not Completed,Placed,13.95,2
845,28,Female,Bangalore,Data Science,Free,27,13,90,100,0,Yes,Yes,65,87,Completed,Not Placed,0.0,5
846,18,Female,Delhi,Cyber Security,Paid,16,3,66,52,0,Yes,Yes,51,66,Completed,Not Placed,0.0,4
847,31,Male,Bangalore,Web Development,Paid,8,4,55,52,3,No,No,61,67,Not Completed,Not Placed,0.0,4
848,22,Female,Delhi,Cloud Computing,Free,30,13,100,100,1,No,No,68,92,Completed,Placed,9.85,5
849,31,Female,Chennai,Data Science,Paid,28,11,96,85,1,No,Yes,45,85,Completed,Placed,8.31,4
850,21,Female,Bangalore,AI,Free,16,0,69,65,2,No,Yes,42,63,Completed,Not Placed,0.0,3
851,18,Male,Delhi,Web Development,Free,4,0,30,13,1,No,Yes,59,27,Not Completed,Not Placed,0.0,1
852,25,Male,Hyderabad,AI,Free,20,9,66,87,0,Yes,Yes,51,68,Completed,Placed,7.82,3
853,32,Male,Chennai,AI,Paid,11,2,39,60,1,No,Yes,43,56,Not Completed,Placed,8.5,3
854,32,Female,Chennai,Cyber Security,Paid,29,14,93,94,1,No,Yes,61,86,Completed,Placed,13.18,3
855,26,Female,Hyderabad,Cyber Security,Paid,30,14,100,100,4,No,Yes,74,100,Completed,Placed,12.1,5
856,26,Male,Delhi,Web Development,Paid,16,9,76,67,0,Yes,No,60,56,Completed,Placed,10.22,4
857,27,Female,Mumbai,Cloud Computing,Paid,4,2,26,30,5,No,Yes,59,28,Not Completed,Not Placed,0.0,2
858,26,Male,Hyderabad,Web Development,Paid,7,15,52,82,1,No,No,55,57,Not Completed,Not Placed,0.0,3
859,20,Male,Delhi,Cloud Computing,Free,13,11,53,57,1,Yes,No,50,60,Completed,Not Placed,0.0,2
860,28,Female,Hyderabad,AI,Paid,16,7,78,62,3,No,Yes,74,61,Completed,Placed,11.16,4
861,23,Female,Hyderabad,Data Science,Free,7,15,41,79,1,Yes,Yes,31,62,Not Completed,Placed,6.16,3
862,19,Female,Bangalore,Web Development,Paid,14,8,55,60,1,No,Yes,37,63,Completed,Not Placed,0.0,4
863,24,Female,Delhi,Web Development,Paid,30,15,100,100,4,No,No,95,100,Completed,Placed,7.64,5
864,19,Male,Mumbai,Cloud Computing,Free,20,14,81,90,0,No,Yes,53,92,Completed,Not Placed,0.0,5
865,34,Male,Bangalore,AI,Paid,4,13,35,62,2,No,Yes,50,49,Not Completed,Not Placed,0.0,4
866,28,Male,Hyderabad,AI,Paid,9,10,49,54,0,Yes,Yes,42,41,Not Completed,Placed,11.39,1
867,29,Male,Pune,Cloud Computing,Paid,9,11,49,65,3,Yes,Yes,44,54,Not Completed,Not Placed,0.0,2
868,24,Male,Hyderabad,AI,Free,24,0,100,54,0,Yes,Yes,70,83,Completed,Not Placed,0.0,5
869,23,Female,Hyderabad,Cyber Security,Free,27,15,100,90,1,Yes,No,64,85,Completed,Placed,4.72,4
870,18,Male,Delhi,Data Science,Free,21,13,95,83,3,No,Yes,93,90,Completed,Placed,5.02,4
871,34,Male,Delhi,Web Development,Free,16,10,70,77,0,Yes,No,27,62,Completed,Not Placed,0.0,3
872,28,Male,Bangalore,Data Science,Free,5,1,31,39,3,No,No,62,59,Not Completed,Placed,4.57,4
873,34,Female,Mumbai,Web Development,Paid,20,9,77,66,2,No,Yes,72,65,Completed,Not Placed,0.0,3
874,24,Female,Bangalore,Cyber Security,Free,22,1,73,73,0,No,Yes,34,68,Completed,Not Placed,0.0,3
875,34,Female,Chennai,AI,Paid,4,14,38,57,5,No,No,68,66,Not Completed,Placed,4.34,4
876,26,Female,Hyderabad,Cloud Computing,Paid,14,3,51,45,1,No,No,37,65,Completed,Not Placed,0.0,3
877,34,Male,Pune,Cyber Security,Paid,9,1,43,26,3,No,Yes,69,41,Not Completed,Not Placed,0.0,1
878,25,Male,Hyderabad,Data Science,Paid,24,6,98,82,5,Yes,No,100,99,Completed,Placed,13.55,5
879,34,Female,Hyderabad,Cloud Computing,Paid,17,12,68,90,5,No,Yes,100,81,Completed,Placed,3.55,5
880,24,Female,Bangalore,AI,Paid,14,14,57,76,4,No,Yes,76,83,Completed,Not Placed,0.0,5
881,18,Male,Pune,Cyber Security,Free,4,8,20,34,3,No,Yes,59,55,Not Completed,Placed,13.31,4
882,30,Male,Pune,Cloud Computing,Free,17,6,83,47,5,No,Yes,100,66,Completed,Placed,4.62,3
883,34,Female,Pune,Cyber Security,Paid,10,11,41,77,4,No,Yes,73,72,Not Completed,Not Placed,0.0,5
884,30,Female,Bangalore,Cyber Security,Free,29,5,100,98,5,No,Yes,96,100,Completed,Placed,10.11,4
885,33,Female,Hyderabad,AI,Free,15,15,47,83,1,No,Yes,41,63,Not Completed,Not Placed,0.0,2
886,25,Female,Bangalore,Web Development,Free,14,14,61,90,2,No,Yes,59,80,Completed,Placed,13.51,3
887,18,Male,Delhi,Cloud Computing,Free,22,9,82,84,4,No,No,92,91,Completed,Placed,11.12,5
888,31,Male,Delhi,AI,Paid,26,0,99,66,2,Yes,No,67,95,Completed,Placed,10.89,5
889,32,Male,Bangalore,Cyber Security,Free,8,10,32,61,3,Yes,Yes,63,40,Not Completed,Not Placed,0.0,2
890,19,Female,Pune,AI,Paid,16,9,75,61,1,No,Yes,61,68,Completed,Not Placed,0.0,3
891,34,Female,Hyderabad,Web Development,Paid,8,8,25,42,4,No,Yes,49,34,Not Completed,Placed,7.98,1
892,23,Male,Bangalore,Cloud Computing,Paid,7,4,40,49,3,Yes,Yes,66,54,Not Completed,Placed,5.24,3
893,21,Male,Bangalore,Web Development,Paid,3,15,30,64,5,No,Yes,73,52,Not Completed,Not Placed,0.0,4
894,18,Male,Bangalore,Data Science,Paid,10,10,50,47,0,No,Yes,34,48,Not Completed,Not Placed,0.0,3
895,25,Male,Chennai,Cloud Computing,Free,23,4,90,61,3,No,No,81,70,Completed,Placed,13.33,2
896,24,Female,Delhi,Web Development,Paid,25,5,100,75,2,Yes,No,70,85,Completed,Not Placed,0.0,5
897,20,Male,Pune,Cyber Security,Paid,18,8,87,64,1,No,Yes,65,83,Completed,Placed,6.51,5
898,27,Male,Mumbai,Cloud Computing,Paid,6,12,36,60,1,No,No,40,49,Not Completed,Not Placed,0.0,4
899,27,Male,Pune,Cloud Computing,Paid,13,7,49,60,3,No,Yes,48,69,Not Completed,Not Placed,0.0,3
900,31,Male,Mumbai,AI,Free,2,7,31,49,5,No,Yes,71,61,Not Completed,Placed,5.18,3
901,19,Male,Chennai,Cyber Security,Paid,11,13,50,71,0,No,No,35,76,Not Completed,Placed,14.57,3
902,18,Male,Bangalore,Data Science,Paid,12,7,68,51,2,Yes,Yes,69,67,Completed,Placed,9.95,2
903,24,Male,Chennai,Web Development,Free,17,0,64,35,3,No,Yes,78,58,Completed,Not Placed,0.0,4
904,25,Female,Chennai,AI,Paid,15,0,56,51,3,Yes,No,61,46,Completed,Placed,3.11,3
905,18,Female,Hyderabad,Web Development,Free,9,7,48,34,1,No,No,39,39,Not Completed,Not Placed,0.0,3
906,20,Female,Delhi,Data Science,Free,25,4,77,71,2,No,No,49,69,Completed,Not Placed,0.0,2
907,25,Female,Mumbai,Data Science,Free,18,8,69,64,0,No,No,39,63,Completed,Not Placed,0.0,3
908,32,Male,Bangalore,Cloud Computing,Free,26,1,94,68,1,Yes,No,62,96,Completed,Placed,7.21,5
909,22,Female,Mumbai,Data Science,Paid,19,15,79,74,3,No,Yes,62,74,Completed,Not Placed,0.0,3
910,20,Female,Pune,Web Development,Free,13,8,49,54,1,Yes,Yes,56,43,Not Completed,Not Placed,0.0,4
911,18,Male,Mumbai,Cyber Security,Paid,26,11,89,100,1,No,Yes,66,95,Completed,Placed,3.8,5
912,32,Male,Pune,Cyber Security,Paid,18,13,85,93,4,No,Yes,84,94,Completed,Placed,13.78,5
913,25,Female,Delhi,Cloud Computing,Free,29,7,100,100,1,No,Yes,67,89,Completed,Placed,6.76,4
914,19,Female,Pune,Web Development,Paid,27,8,100,90,5,No,Yes,100,100,Completed,Placed,10.05,4
915,20,Male,Mumbai,Web Development,Paid,15,3,59,58,1,Yes,Yes,57,47,Completed,Not Placed,0.0,3
916,31,Female,Mumbai,Data Science,Paid,17,0,70,65,5,No,Yes,96,86,Completed,Placed,4.69,5
917,31,Male,Pune,Web Development,Free,15,0,67,35,2,No,No,59,53,Completed,Not Placed,0.0,3
918,28,Male,Chennai,AI,Paid,10,4,67,56,1,No,Yes,53,55,Completed,Not Placed,0.0,2
919,33,Male,Delhi,Data Science,Paid,5,1,32,45,0,No,Yes,34,63,Not Completed,Not Placed,0.0,4
920,21,Male,Hyderabad,AI,Free,26,15,96,93,5,No,No,96,100,Completed,Placed,13.0,5
921,22,Female,Bangalore,Cloud Computing,Free,24,13,100,100,5,No,No,100,97,Completed,Placed,3.54,4
922,31,Male,Mumbai,Cyber Security,Paid,12,7,52,78,3,No,Yes,77,69,Completed,Not Placed,0.0,4
923,33,Male,Bangalore,Cloud Computing,Free,7,9,43,59,2,No,Yes,56,59,Not Completed,Placed,6.77,3
924,24,Female,Hyderabad,Cyber Security,Paid,16,10,78,77,1,No,Yes,50,70,Completed,Not Placed,0.0,3
925,27,Male,Bangalore,Cloud Computing,Free,6,4,32,28,0,No,Yes,37,48,Not Completed,Placed,11.01,1
926,24,Female,Hyderabad,Web Development,Paid,12,4,59,62,3,Yes,Yes,71,67,Completed,Not Placed,0.0,3
927,18,Female,Pune,AI,Paid,26,1,100,63,2,No,Yes,66,86,Completed,Not Placed,0.0,5
928,33,Female,Chennai,Cyber Security,Free,19,6,86,73,5,Yes,Yes,98,86,Completed,Placed,9.16,5
929,21,Male,Mumbai,Data Science,Free,14,12,64,76,0,Yes,Yes,40,74,Completed,Not Placed,0.0,2
930,19,Female,Hyderabad,AI,Paid,12,7,53,25,1,No,Yes,56,57,Completed,Not Placed,0.0,4
931,18,Female,Bangalore,Data Science,Paid,15,9,58,72,4,No,No,80,85,Completed,Placed,6.77,5
932,32,Male,Mumbai,AI,Paid,29,12,97,100,4,Yes,No,93,100,Completed,Placed,5.94,5
933,22,Female,Chennai,AI,Free,19,0,92,37,2,No,Yes,73,60,Completed,Not Placed,0.0,5
934,28,Female,Pune,Cloud Computing,Free,28,1,100,77,0,No,Yes,38,77,Completed,Placed,3.21,3
935,27,Female,Mumbai,Cyber Security,Free,29,9,100,76,3,No,Yes,71,84,Completed,Placed,6.22,3
936,19,Female,Hyderabad,Cyber Security,Paid,26,15,100,93,0,No,Yes,58,84,Completed,Placed,7.5,3
937,20,Female,Chennai,AI,Free,29,3,100,64,5,No,Yes,100,79,Completed,Placed,13.59,4
938,29,Male,Bangalore,Web Development,Paid,20,4,91,69,4,No,Yes,94,85,Completed,Placed,14.41,2
939,22,Female,Chennai,Web Development,Paid,25,12,98,100,2,Yes,Yes,93,90,Completed,Placed,11.6,4
940,22,Female,Chennai,Data Science,Paid,28,1,100,82,1,Yes,Yes,68,76,Completed,Placed,8.91,5
941,23,Male,Delhi,Data Science,Free,16,0,62,42,0,Yes,Yes,44,40,Completed,Not Placed,0.0,1
942,26,Male,Chennai,Cloud Computing,Free,10,8,53,49,4,No,Yes,87,66,Completed,Not Placed,0.0,3
943,19,Male,Chennai,AI,Paid,9,13,43,66,3,No,Yes,59,63,Not Completed,Not Placed,0.0,2
944,29,Female,Mumbai,Data Science,Paid,21,0,85,53,2,No,Yes,60,66,Completed,Placed,14.41,3
945,20,Male,Bangalore,Data Science,Free,29,12,100,88,1,No,Yes,71,97,Completed,Not Placed,0.0,5
946,29,Female,Mumbai,AI,Paid,2,14,22,49,0,No,Yes,40,36,Not Completed,Not Placed,0.0,1
947,34,Female,Mumbai,Cloud Computing,Paid,5,3,25,26,3,Yes,Yes,45,39,Not Completed,Not Placed,0.0,2
948,27,Male,Hyderabad,Data Science,Free,15,1,70,56,1,No,Yes,61,66,Completed,Not Placed,0.0,4
949,31,Male,Mumbai,Cloud Computing,Free,26,10,98,100,5,No,Yes,98,93,Completed,Placed,3.35,5
950,34,Female,Delhi,Cyber Security,Paid,3,3,46,57,4,Yes,Yes,74,57,Not Completed,Not Placed,0.0,3
951,34,Male,Delhi,Cloud Computing,Paid,17,7,60,71,5,Yes,Yes,87,69,Completed,Placed,9.2,3
952,31,Female,Hyderabad,Web Development,Free,4,7,38,48,4,No,Yes,63,55,Not Completed,Placed,8.81,3
953,26,Male,Pune,Web Development,Paid,27,14,100,96,3,No,Yes,82,99,Completed,Not Placed,0.0,4
954,25,Male,Bangalore,Cloud Computing,Paid,9,10,67,52,5,No,No,83,64,Completed,Placed,6.63,3
955,19,Male,Bangalore,Web Development,Free,7,11,46,68,4,No,No,71,59,Not Completed,Placed,14.84,2
956,30,Female,Mumbai,Cyber Security,Paid,17,8,74,67,2,No,No,57,71,Completed,Placed,6.26,5
957,24,Male,Mumbai,AI,Paid,25,12,94,94,3,Yes,Yes,75,77,Completed,Placed,8.88,5
958,26,Female,Pune,Web Development,Free,17,14,63,94,4,No,No,73,81,Completed,Placed,7.86,3
959,28,Female,Mumbai,Web Development,Free,8,10,47,53,0,No,Yes,42,66,Not Completed,Not Placed,0.0,5
960,31,Female,Bangalore,Cloud Computing,Paid,14,14,48,91,4,No,Yes,57,66,Not Completed,Placed,5.43,2
961,21,Female,Chennai,Cyber Security,Paid,14,11,48,75,5,No,Yes,78,68,Not Completed,Placed,14.02,4
962,30,Male,Delhi,AI,Paid,6,4,48,44,2,No,No,48,59,Not Completed,Not Placed,0.0,3
963,19,Female,Chennai,Cloud Computing,Paid,26,6,80,77,1,No,Yes,55,81,Completed,Not Placed,0.0,3
964,22,Female,Chennai,Cloud Computing,Paid,21,2,79,71,1,No,No,52,72,Completed,Not Placed,0.0,3
965,28,Male,Bangalore,Cyber Security,Paid,23,9,78,79,4,No,Yes,85,81,Completed,Not Placed,0.0,3
966,23,Female,Chennai,AI,Paid,19,3,72,68,1,No,Yes,55,59,Completed,Not Placed,0.0,2
967,27,Male,Pune,Cyber Security,Free,16,9,69,68,4,Yes,Yes,86,79,Completed,Placed,3.98,1
968,21,Female,Hyderabad,AI,Free,19,8,86,83,2,No,Yes,74,73,Completed,Not Placed,0.0,3
969,26,Male,Mumbai,Cyber Security,Free,3,9,41,43,1,No,Yes,29,28,Not Completed,Placed,3.62,1
970,23,Female,Hyderabad,Cloud Computing,Paid,11,9,43,80,5,No,Yes,67,76,Not Completed,Placed,9.66,4
971,19,Male,Delhi,Cloud Computing,Free,24,13,87,91,5,Yes,Yes,93,94,Completed,Placed,12.36,5
972,34,Female,Mumbai,Data Science,Paid,14,11,100,64,0,No,Yes,59,84,Completed,Not Placed,0.0,2
973,22,Female,Chennai,Web Development,Free,19,0,74,61,4,No,Yes,72,65,Completed,Placed,7.85,3
974,23,Male,Delhi,Cyber Security,Free,16,1,59,64,1,No,No,64,69,Completed,Not Placed,0.0,5
975,29,Male,Mumbai,Data Science,Paid,13,15,51,86,5,No,Yes,89,73,Completed,Placed,11.19,5
976,27,Male,Pune,Web Development,Paid,16,4,65,61,2,No,Yes,45,60,Completed,Not Placed,0.0,4
977,23,Male,Pune,Cyber Security,Free,14,2,58,55,2,No,Yes,62,69,Completed,Placed,9.71,2
978,25,Female,Pune,AI,Free,19,1,74,63,0,No,Yes,49,66,Completed,Placed,14.19,3
979,19,Female,Pune,Web Development,Paid,16,0,67,41,2,No,No,75,55,Completed,Placed,6.67,1
980,29,Male,Chennai,Cloud Computing,Free,26,9,97,100,2,Yes,No,59,79,Completed,Placed,3.58,5
981,30,Female,Hyderabad,Data Science,Free,24,2,82,59,1,Yes,Yes,81,77,Completed,Placed,11.11,5
982,24,Male,Mumbai,Web Development,Paid,12,0,59,33,4,No,Yes,67,62,Completed,Placed,12.44,2
983,27,Male,Chennai,Web Development,Free,20,11,81,82,3,No,No,80,76,Completed,Not Placed,0.0,3
984,30,Female,Pune,Cloud Computing,Paid,4,0,36,24,2,No,No,44,44,Not Completed,Not Placed,0.0,2
985,34,Female,Hyderabad,Cyber Security,Free,8,11,26,65,2,Yes,No,42,44,Not Completed,Placed,7.71,2
986,31,Female,Delhi,AI,Free,22,0,87,68,3,No,No,61,81,Completed,Not Placed,0.0,4
987,19,Female,Delhi,Cloud Computing,Free,27,7,81,89,2,No,Yes,80,86,Completed,Placed,12.68,3
988,28,Female,Delhi,AI,Free,15,14,63,66,1,Yes,Yes,50,67,Completed,Placed,10.5,3
989,18,Female,Pune,Cyber Security,Free,15,2,71,54,1,No,Yes,54,58,Completed,Not Placed,0.0,3
990,21,Female,Delhi,Web Development,Free,23,10,99,85,3,No,Yes,100,96,Completed,Not Placed,0.0,5
991,28,Male,Bangalore,AI,Paid,14,0,65,50,5,No,Yes,95,63,Completed,Placed,4.49,3
992,25,Male,Mumbai,Data Science,Free,13,6,65,53,2,Yes,Yes,55,58,Completed,Placed,14.06,3
993,28,Male,Mumbai,Data Science,Paid,25,9,92,93,5,No,Yes,90,80,Completed,Placed,5.08,2
994,21,Male,Pune,Cloud Computing,Paid,10,2,44,40,2,Yes,Yes,56,44,Not Completed,Placed,9.87,3
995,34,Male,Bangalore,Cyber Security,Paid,2,7,52,42,4,Yes,Yes,80,54,Not Completed,Not Placed,0.0,3
996,24,Female,Chennai,Cloud Computing,Free,20,3,88,73,2,Yes,Yes,88,85,Completed,Placed,7.44,4
997,25,Male,Chennai,Cloud Computing,Paid,12,3,44,44,1,No,Yes,29,51,Not Completed,Not Placed,0.0,3
998,20,Male,Delhi,Cloud Computing,Free,24,4,74,68,0,Yes,No,56,65,Completed,Not Placed,0.0,2
999,19,Male,Hyderabad,Data Science,Free,23,5,84,80,0,No,No,62,78,Completed,Placed,7.66,3
1000,32,Male,Chennai,Data Science,Paid,24,6,100,66,0,Yes,Yes,52,90,Completed,Not Placed,0.0,5
